0.839545965194702,0.665259122848511,0.783360958099365,2.07334113121033,0.918597936630249,0.892005920410156,0.728585004806519,1.24425387382507,2.21539902687073,0.748812913894653,0.808941841125488,0.902060031890869,0.643195152282715,0.733043909072876,1.4325098991394,1.4865870475769,0.837863922119141,0.632711887359619,0.961329221725464,1.40499091148376,1.99975299835205,0.646371126174927,1.12280488014221,0.900683879852295,0.788725852966309,0.64991307258606,0.833534955978394,0.70879602432251,0.879077196121216,1.77455711364746,1.17136693000793,0.766905069351196,1.24470496177673,0.708884000778198,1.18710088729858,1.74739980697632,0.792496919631958,1.04189991950989,8.1120138168335,0.84868597984314,1.81518602371216,0.800180912017822,1.57854795455933,1.92536902427673,0.751206159591675,0.873095989227295,1.19249081611633,0.994539976119995,0.81728196144104,1.19416499137878,1.95979690551758,1.81242990493774,3.05552911758423,0.838433027267456,1.92637705802917,1.58958101272583,1.02454686164856,0.606959104537964,1.57387399673462,2.21584796905518,3.65125799179077,1.13289594650269,3.1628429889679,2.21938586235046,1.78642201423645,0.821215867996216,1.22453093528748,0.789089918136597,1.23848915100098,0.889620780944824,0.729357004165649,0.800613880157471,1.14213705062866,1.47691798210144,1.1413631439209,0.793860912322998,0.79897403717041,0.732128858566284,0.773689985275269,0.822458028793335,3.04056000709534,0.93972110748291,2.12140202522278,1.06883406639099,0.962506055831909,0.780324935913086,0.991620063781738,0.675204038619995,1.1386079788208,1.58501219749451,1.01777696609497,0.884749889373779,2.67603611946106,2.06911516189575,1.08562302589417,1.18644690513611,0.816245079040527,0.779635906219482,0.999547004699707,0.834325075149536,0.789843082427979,0.604058980941772,1.52928709983826,0.961357831954956,0.699949026107788,0.582571983337402,0.935142040252686,1.45191502571106,0.905117988586426,0.423607110977173,1.00793099403381,1.9864981174469,0.923772096633911,0.753212928771973,0.929189920425415,0.788204193115234,1.28613591194153,1.03748798370361,1.43274903297424,0.66523289680481,1.26335000991821,0.991266965866089
1.078617811203,1.08501005172729,0.563122987747192,0.836286067962646,1.75796103477478,0.647111892700195,0.867843866348267,0.755625009536743,1.97381782531738,0.800950050354004,0.94989800453186,0.689145803451538,0.9738929271698,0.616101980209351,1.12359619140625,0.860088109970093,0.592029094696045,0.584138154983521,0.697334051132202,0.937703847885132,0.814530849456787,0.63336706161499,1.00918006896973,1.33488488197327,1.23383498191833,0.628917932510376,0.649140119552612,0.686569929122925,0.785423994064331,2.03681516647339,0.982381105422974,0.774444103240967,1.22704005241394,0.761375904083252,1.09394288063049,0.683837175369263,0.814188003540039,0.889716863632202,1.06003880500793,0.726805210113525,1.19181799888611,0.815916061401367,0.815975904464722,0.712011098861694,0.877270936965942,0.692276954650879,1.05764698982239,0.746819972991943,0.723295927047729,0.617724895477295,0.991625070571899,0.621088981628418,1.03291201591492,0.735116958618164,1.01994395256042,1.52588391304016,0.791125774383545,0.648941993713379,0.766511917114258,0.925518989562988,2.83404207229614,0.897691965103149,1.16894197463989,1.23541021347046,1.0221631526947,0.957059144973755,0.912087917327881,0.575492858886719,0.987441062927246,0.875823974609375,1.95688915252686,0.8804030418396,1.0504949092865,0.742408037185669,0.942157983779907,0.750231981277466,1.08765196800232,0.991246938705444,0.759597063064575,0.754456996917725,1.29037809371948,0.952438116073608,1.16558790206909,1.13950300216675,1.34334206581116,0.996091842651367,0.985668182373047,2.61039805412292,1.19943904876709,0.775542020797729,0.665673971176147,0.827069997787476,1.04805397987366,1.32947492599487,0.679984092712402,0.946558952331543,0.716706991195679,1.02714204788208,0.87746000289917,1.12540006637573,0.886835098266602,0.740776062011719,1.5596079826355,1.1375949382782,0.656385898590088,0.580090045928955,0.771284103393555,0.727885961532593,0.746948957443237,1.51876902580261,0.800623893737793,0.689634084701538,0.818773984909058,0.521470785140991,0.780550003051758,0.918829917907715,1.17218804359436,1.39839887619019,1.01666498184204,0.737240076065063,0.802887201309204,0.79821515083313
0.971445083618164,0.828371047973633,0.722438812255859,0.960849046707153,1.15634298324585,0.790654182434082,0.772320032119751,1.24606513977051,6.6414098739624,1.18481707572937,0.572381019592285,0.741625070571899,0.756493091583252,0.590255975723267,0.981553077697754,0.778346061706543,0.913793802261353,1.47634100914001,0.921574831008911,0.723935127258301,0.717971086502075,0.559027910232544,1.70398283004761,1.04267978668213,0.756523132324219,0.649532079696655,0.823426961898804,0.853770971298218,0.863412141799927,0.943373918533325,0.987618923187256,0.963931083679199,0.695910930633545,0.700734853744507,0.752492904663086,0.733887195587158,0.696461200714111,0.665607929229736,1.0246410369873,0.88390588760376,5.23919796943665,0.864620923995972,1.42232298851013,0.737483024597168,1.02102708816528,0.841763019561768,0.834792852401733,0.832287073135376,0.780532121658325,0.821413993835449,1.27421712875366,0.831970930099487,0.6647047996521,0.696877956390381,0.904485940933228,1.63226699829102,0.961500883102417,0.840690851211548,0.873820066452026,0.662262916564941,1.78276181221008,0.933198928833008,1.15606594085693,1.24920988082886,0.940503120422363,1.45355796813965,1.00235605239868,0.82581615447998,0.658775091171265,0.8856520652771,0.982927083969116,3.42664313316345,1.12263298034668,0.550665855407715,1.32537007331848,1.45043587684631,0.976853132247925,0.828186988830566,0.830533027648926,0.546355962753296,1.3563768863678,1.12944507598877,1.60322713851929,1.16592001914978,1.14737105369568,0.854768037796021,1.18149399757385,1.4006519317627,1.10213899612427,0.942317008972168,0.833969116210938,0.745391845703125,1.31793999671936,0.99779486656189,1.06290197372437,0.834599018096924,0.690364122390747,1.33299398422241,0.882866859436035,0.642807006835938,0.826459884643555,0.701990842819214,1.37143802642822,0.921056985855103,0.868693828582764,0.551200151443481,0.857043981552124,1.33188796043396,0.70032811164856,1.03975892066956,0.828681230545044,0.742698192596436,0.980839014053345,0.640510082244873,0.945665836334229,0.603433847427368,1.19489502906799,1.26358509063721,1.09890818595886,0.745331048965454,0.697510957717896,0.780776977539062
0.997194051742554,1.62053418159485,0.730907917022705,0.835894107818604,0.923133134841919,0.831768989562988,0.741024971008301,0.731544017791748,2.09683799743652,1.12789797782898,0.730839014053345,0.529847860336304,1.34312701225281,0.726713895797729,0.990692853927612,0.903779983520508,0.731574058532715,0.550451993942261,0.82600998878479,0.72139310836792,0.795693874359131,0.792165994644165,0.924451112747192,1.1408908367157,0.646442890167236,0.790687799453735,0.900347948074341,0.823907852172852,0.715803146362305,0.771659851074219,0.807261943817139,0.785696983337402,0.878490924835205,0.662469863891602,0.72652006149292,0.651160955429077,0.743926048278809,0.605226993560791,0.897271156311035,0.758000135421753,3.9084780216217,0.759811162948608,0.803602933883667,0.84577202796936,1.53032398223877,0.914162158966064,0.780061960220337,0.890968084335327,0.795525074005127,0.900636911392212,1.18495798110962,0.610245943069458,0.692744970321655,0.659507036209106,1.17105317115784,1.29203915596008,0.857015132904053,1.59534192085266,0.787108182907104,0.920750141143799,1.26777410507202,1.02194499969482,1.18618893623352,0.838051795959473,1.41770601272583,1.09472990036011,1.22403812408447,0.722491025924683,0.883519887924194,0.988973140716553,0.994168996810913,1.00477910041809,0.662300109863281,0.615262985229492,1.02256202697754,0.863820791244507,0.835708856582642,0.821053028106689,0.816135883331299,0.84418797492981,1.23362708091736,0.911036014556885,1.14652919769287,1.11905121803284,0.840083122253418,0.911383867263794,1.4817419052124,2.7790150642395,1.54406499862671,0.643399953842163,0.893247842788696,0.83037281036377,0.0200119018554688,3.22334289550781,0.850440979003906,0.655947923660278,0.700176000595093,0.661887168884277,0.922633171081543,0.158143997192383,0.646254062652588,0.772779941558838,1.8342010974884,1.16223406791687,0.647101163864136,0.386548042297363,0.731230020523071,1.37985420227051,0.84506893157959,0.892226934432983,0.728807926177979,1.11386919021606,0.711383819580078,0.542084932327271,0.848093032836914,0.712229013442993,1.95175886154175,1.15985178947449,1.24899506568909,1.74012804031372,1.00522208213806,0.674241065979004
0.761795997619629,1.76055908203125,0.737149953842163,0.9253249168396,1.14672994613647,0.752907037734985,0.998623132705688,0.67591118812561,1.67864513397217,0.785799980163574,0.957608938217163,0.786015033721924,0.753073215484619,0.614841938018799,0.841409921646118,0.814349174499512,1.0511200428009,0.840651035308838,0.915036916732788,1.10098600387573,0.742589950561523,0.665775060653687,1.04099011421204,0.948827981948853,0.885555982589722,0.75462794303894,0.900560140609741,0.698670148849487,0.861172914505005,0.929534912109375,0.810070037841797,0.636475086212158,0.862795114517212,1.08612418174744,1.74143385887146,0.686370134353638,0.678849935531616,0.632591962814331,1.32508897781372,0.583889007568359,1.3110659122467,0.727493047714233,0.745064973831177,1.44303607940674,1.00085115432739,0.76980185508728,1.10856699943542,1.08403587341309,0.658430099487305,1.57622003555298,1.2166850566864,0.886687040328979,0.904330968856812,0.790262937545776,1.2162299156189,1.61816692352295,0.861089944839478,0.727216958999634,0.901462078094482,0.748697996139526,2.84413981437683,1.00152087211609,1.12570214271545,1.59852194786072,0.87785816192627,0.803880214691162,0.870401859283447,0.654611110687256,0.689783811569214,0.985368967056274,2.88645720481873,0.919278860092163,1.67777800559998,0.659903049468994,1.23797917366028,0.982625007629395,0.715523958206177,1.33545398712158,1.00613307952881,0.708335876464844,0.937186002731323,1.38740086555481,1.22456789016724,1.33501291275024,1.48703598976135,0.66041111946106,0.725322961807251,1.37042689323425,0.859486818313599,0.692988872528076,0.999243974685669,1.28158712387085,2.42208695411682,1.26739501953125,0.683166980743408,0.890896797180176,0.813349962234497,0.937150001525879,0.783636093139648,0.916495084762573,1.03143405914307,0.709391117095947,3.13534307479858,0.959635972976685,0.611995935440063,0.718654155731201,0.930411815643311,1.31518793106079,0.623318195343018,0.755424022674561,0.835444927215576,0.77236795425415,0.947348117828369,0.567150115966797,0.935792922973633,0.63135814666748,1.02125191688538,1.76230192184448,1.1578049659729,0.622031927108765,0.942848920822144,0.795905828475952
0.51127290725708,0.776481866836548,0.591396808624268,0.6266028881073,0.890887975692749,0.704183101654053,0.839522838592529,0.670827865600586,1.5071439743042,0.774060964584351,0.640865087509155,0.88437819480896,0.690129041671753,0.703870058059692,0.896583080291748,1.38156318664551,0.691617965698242,0.746112108230591,0.625373125076294,0.76695990562439,0.669333934783936,0.586529970169067,0.953310012817383,0.723227024078369,0.657363176345825,0.679366111755371,0.854578971862793,0.682509183883667,0.741698980331421,1.19265007972717,0.785801887512207,0.909295797348022,0.719532012939453,0.869961977005005,1.30397295951843,0.701832056045532,0.819775104522705,0.638717889785767,0.82633900642395,0.959999084472656,0.949371099472046,0.742759943008423,1.0252001285553,0.752860069274902,1.21336793899536,1.11967015266418,0.706647157669067,1.35110902786255,0.488732099533081,0.720826864242554,0.732589960098267,1.10088706016541,0.802479982376099,0.734411001205444,0.954484939575195,0.993394136428833,0.871623992919922,0.847638845443726,0.825896024703979,0.804951906204224,1.35764312744141,0.926809072494507,0.912765026092529,1.1368420124054,1.48099493980408,0.881223917007446,0.696216106414795,1.11537599563599,1.06972098350525,0.890349149703979,0.90417218208313,0.932892084121704,1.22627401351929,0.662768125534058,0.955306053161621,1.03567099571228,1.02785706520081,0.817251920700073,0.691627025604248,0.762757062911987,0.961877107620239,0.914792060852051,1.11470007896423,0.801867008209229,0.996297836303711,0.780038833618164,0.746279954910278,1.07174611091614,0.663020849227905,0.557929992675781,0.834787845611572,0.826919794082642,1.33814191818237,1.4163191318512,1.29724311828613,0.640733957290649,0.63167405128479,0.898571968078613,0.716483116149902,0.650894165039062,0.680463075637817,0.748133182525635,1.05539393424988,1.11541891098022,0.761039018630981,0.82850193977356,0.94060492515564,0.93732213973999,0.755751848220825,0.682271003723145,0.741625070571899,0.799560785293579,0.60484504699707,0.449118852615356,0.821437835693359,0.629491090774536,1.1957380771637,1.70140409469604,0.844090938568115,0.712805986404419,0.890826940536499,0.670450925827026
1.15574097633362,0.803898811340332,0.758580923080444,0.713099956512451,0.875705003738403,0.783271074295044,0.741835117340088,0.929813146591187,1.09235286712646,0.673233032226562,0.726240873336792,1.04208111763,0.675885915756226,0.578766107559204,0.98439621925354,1.40347981452942,1.1799521446228,0.658813953399658,1.03841519355774,0.980149984359741,0.67734694480896,0.649124145507812,1.83687496185303,0.965407133102417,0.722066164016724,0.845096111297607,0.909028768539429,0.592405080795288,0.665402889251709,1.15647482872009,0.967462778091431,0.869786977767944,0.657155990600586,1.00146579742432,1.01567411422729,1.00761008262634,1.04845118522644,0.677709102630615,1.75858807563782,0.853064060211182,1.61968088150024,1.01283597946167,0.718541860580444,0.815634965896606,1.34896993637085,0.991700887680054,0.716025114059448,0.720793962478638,0.81798791885376,1.69453310966492,0.933466911315918,1.00455093383789,0.630258083343506,0.562774896621704,1.3206889629364,1.26721405982971,0.604698896408081,1.15616798400879,0.974653959274292,1.17219090461731,1.06328105926514,0.7758948802948,1.38765001296997,0.97014307975769,1.14615297317505,1.04334211349487,0.895179986953735,1.0583438873291,0.623372077941895,0.812908887863159,0.916839838027954,0.83880090713501,0.745661973953247,0.601963043212891,1.03927087783813,2.41305017471313,0.953171968460083,1.01907014846802,0.821240186691284,0.733237981796265,0.935802936553955,1.4992082118988,1.10036396980286,1.03242802619934,2.19096207618713,1.65997385978699,1.77922296524048,0.825592994689941,1.02226400375366,0.805012941360474,0.871493101119995,0.830293893814087,1.28254008293152,0.955281019210815,1.02867102622986,0.696145057678223,0.852312088012695,1.76846599578857,1.08539795875549,1.3561999797821,0.684693098068237,0.772110939025879,1.10523986816406,1.01185917854309,0.649748802185059,1.11594605445862,0.989346027374268,1.09671306610107,0.839801073074341,0.731611967086792,0.739755153656006,1.41033816337585,0.627951860427856,0.539444923400879,1.22600197792053,0.735270023345947,1.0644519329071,2.09994912147522,0.93126106262207,0.666908979415894,0.70810604095459,1.10362601280212
0.8176589012146,1.12960982322693,0.644006013870239,0.61285400390625,0.781203985214233,0.887340068817139,0.758347988128662,1.22773408889771,1.14049816131592,0.698179960250854,0.890755891799927,1.12765502929688,0.757454872131348,0.648530006408691,0.814006090164185,0.761049032211304,0.788818120956421,0.674278974533081,0.590534925460815,1.71190094947815,0.882860898971558,0.635016918182373,1.20429491996765,0.976133108139038,0.703859090805054,0.823529005050659,0.709149122238159,0.671509027481079,0.870106935501099,0.952163934707642,0.70831298828125,0.685765027999878,0.92068886756897,0.791857004165649,0.878604173660278,0.714670896530151,0.742717027664185,0.872674942016602,0.855756044387817,1.0979790687561,0.977498054504395,1.02833294868469,0.700205087661743,0.863803148269653,0.696756839752197,0.149413824081421,0.854816913604736,0.772351026535034,0.839166879653931,0.672082901000977,0.631566047668457,0.618652105331421,1.60890793800354,0.573726892471313,0.947727918624878,0.737154006958008,0.856423139572144,1.13786792755127,1.01210403442383,2.73954606056213,1.17908906936646,1.59896302223206,0.854248046875,1.60294198989868,1.01323294639587,0.956686973571777,0.998641014099121,0.790280103683472,1.17262101173401,0.881186962127686,0.929468154907227,1.25641417503357,0.744001150131226,1.61117601394653,1.32687187194824,1.01168894767761,0.849334001541138,0.881816148757935,0.655543088912964,0.718544960021973,0.920414924621582,1.72800397872925,1.22342205047607,0.94464111328125,1.29266405105591,1.08904600143433,0.973280906677246,1.03345799446106,0.670176982879639,0.988662004470825,0.93966007232666,1.01935005187988,1.03311204910278,1.01144003868103,0.720529079437256,0.732941150665283,0.856664896011353,1.16212296485901,0.952222108840942,1.20845699310303,1.64412498474121,0.818006038665771,0.864404201507568,0.876266956329346,1.00213289260864,1.73995089530945,1.0161190032959,1.08424401283264,0.766170024871826,0.633053064346313,1.03913402557373,0.742874145507812,0.68625807762146,0.599057912826538,0.948695182800293,0.824297904968262,0.885364055633545,1.422523021698,0.872345924377441,0.714012145996094,0.718909025192261,0.840221166610718
0.653633117675781,0.626144170761108,0.672371864318848,0.740676164627075,0.706604957580566,0.673455953598022,0.765074968338013,1.04423999786377,0.955619812011719,0.682405948638916,0.612978935241699,1.17021894454956,0.635227203369141,0.739598989486694,0.939400911331177,0.818969011306763,0.710134983062744,0.852120161056519,0.948001861572266,1.66909193992615,0.80709981918335,0.527889966964722,0.941333055496216,1.31801199913025,0.95597505569458,0.647408008575439,1.03881406784058,0.735946893692017,0.954881191253662,1.2827000617981,0.771299123764038,0.673035860061646,0.925418138504028,0.704126834869385,1.28952598571777,0.595784902572632,0.99067211151123,0.92655611038208,0.775125980377197,0.767678022384644,2.00762391090393,0.898367881774902,0.810354948043823,0.98707103729248,1.3467161655426,0.860552787780762,0.763557195663452,0.692662954330444,1.02741289138794,0.480415105819702,0.632472991943359,1.04512190818787,0.746791839599609,0.650053024291992,0.920475959777832,1.01317691802979,1.02257394790649,0.939918041229248,0.977761030197144,0.854304075241089,1.03583407402039,0.982687950134277,1.05111694335938,0.957839965820312,1.28856706619263,1.08187294006348,0.788392066955566,1.17307806015015,0.693970203399658,1.64040589332581,2.03647804260254,1.70487213134766,0.718032836914062,0.939996004104614,2.10400295257568,1.51603603363037,0.870336055755615,0.7140212059021,0.698880910873413,0.659061193466187,7.84967303276062,0.781193017959595,1.26077103614807,0.839605093002319,1.63703894615173,0.776113986968994,0.802783966064453,1.78156185150146,0.818853139877319,0.616581916809082,0.850119113922119,1.04734897613525,1.47707200050354,2.47007894515991,1.52593684196472,0.521837949752808,0.939666032791138,0.964097023010254,1.09476804733276,0.855788946151733,0.651242971420288,0.750054121017456,0.959546089172363,0.773617029190063,0.746766805648804,0.757668018341064,0.757869958877563,0.963723182678223,0.695104837417603,0.979050874710083,1.02849197387695,0.874611139297485,0.582317113876343,0.651947975158691,0.870970964431763,0.919816970825195,1.01402997970581,1.27112603187561,0.87029504776001,0.64192008972168,1.11301302909851,0.914928197860718
0.921090126037598,0.875738859176636,0.728832006454468,0.615419149398804,0.722350835800171,1.40824103355408,0.962619066238403,0.639701843261719,0.923135042190552,0.609982967376709,0.77375602722168,0.812330007553101,0.784658908843994,0.726397037506104,1.32903218269348,0.948861122131348,0.807108879089355,0.681925058364868,1.31079006195068,1.28361392021179,0.682767152786255,1.22964000701904,1.02907299995422,1.5744149684906,1.01576399803162,0.646894931793213,0.698112964630127,0.775930166244507,0.784327983856201,1.117506980896,1.20250988006592,0.717114925384521,0.723329067230225,0.847558975219727,0.95364785194397,1.04661989212036,1.01948809623718,1.10839104652405,0.758611917495728,0.652060985565186,0.895862817764282,0.898393154144287,0.982963085174561,0.963114023208618,1.06429696083069,0.795696973800659,0.850780010223389,0.686251878738403,0.73169207572937,0.668045997619629,0.646437168121338,1.2311589717865,0.747881174087524,0.746989011764526,1.5935070514679,0.945007801055908,0.789793014526367,1.00779986381531,0.83115291595459,0.755109071731567,1.23824095726013,0.983206987380981,0.90062403678894,1.54001784324646,0.725896120071411,1.01785182952881,0.956749200820923,0.906394004821777,1.29462099075317,1.42249011993408,1.34240913391113,0.685983180999756,0.701473951339722,0.671020030975342,1.22305178642273,1.10693502426147,1.32409191131592,0.972382068634033,0.895529985427856,0.681190013885498,1.09612011909485,2.23690390586853,0.857686042785645,0.959891080856323,1.88510298728943,0.795579195022583,1.14687514305115,1.17502498626709,1.00865197181702,1.30514001846313,0.707114934921265,0.668790102005005,0.901609182357788,4.24079489707947,1.44940686225891,0.761964082717896,0.772614002227783,1.04894208908081,0.806754112243652,0.97628378868103,0.992232084274292,0.648620128631592,0.960185050964355,0.829205989837646,1.37370610237122,0.681292057037354,1.08874893188477,1.22747683525085,0.820846796035767,0.794392108917236,0.909947872161865,0.730724096298218,0.733609914779663,0.699031114578247,0.711176872253418,1.07428216934204,1.15911197662354,1.80103302001953,0.868800163269043,0.669898986816406,0.955657958984375,0.861377954483032
0.872627019882202,0.802609920501709,0.604975938796997,0.558164119720459,0.789538860321045,1.26366400718689,0.838773965835571,0.987803936004639,1.13282799720764,0.873351097106934,0.689872026443481,0.739404916763306,0.836471796035767,0.632498025894165,1.17204213142395,0.618624925613403,0.78913402557373,0.680959224700928,1.09702301025391,1.08770203590393,0.816319942474365,0.526755094528198,1.27763080596924,1.75754594802856,0.718115091323853,0.757998943328857,1.02568006515503,0.803992033004761,0.716377019882202,1.14692687988281,1.18062496185303,1.13228607177734,0.932783126831055,0.830994129180908,1.0518810749054,0.751368999481201,0.740741014480591,0.679511070251465,0.964329957962036,2.57790017127991,1.40230798721313,1.53467798233032,0.966489791870117,0.718080997467041,1.39584994316101,0.984503030776978,1.04668998718262,0.772409200668335,0.618696928024292,0.732424020767212,0.809210062026978,0.733877897262573,0.648367881774902,0.542642116546631,1.13191914558411,0.978600978851318,0.775177001953125,0.715002059936523,0.669454097747803,1.11980700492859,1.40356492996216,1.03473401069641,1.04150795936584,1.59612822532654,0.74285888671875,0.829803943634033,0.992876052856445,1.13873600959778,1.73302388191223,0.810238122940063,3.12083601951599,1.12176489830017,0.939690113067627,0.915692090988159,1.11620712280273,0.947432994842529,0.71479606628418,0.991053104400635,0.868953943252563,0.699075937271118,3.97670602798462,1.01395988464355,1.07930111885071,1.08471894264221,1.45568585395813,0.895058870315552,1.20040917396545,0.982293128967285,0.624547958374023,0.773984909057617,0.849890947341919,0.727790832519531,2.34264993667603,0.961935997009277,1.0403311252594,0.806849956512451,0.829787969589233,1.13392901420593,0.930341958999634,0.862339019775391,0.85875415802002,0.829067945480347,0.90657901763916,1.19716000556946,0.907696008682251,1.20876002311707,0.84827709197998,0.748175859451294,0.694019079208374,0.621165990829468,1.13251113891602,0.817456007003784,0.557318925857544,0.60877513885498,1.10565996170044,0.861638069152832,1.01607012748718,0.955476045608521,1.31599617004395,0.670373916625977,1.18680906295776,0.736994981765747
0.900665998458862,0.907512187957764,0.690406084060669,0.687287092208862,0.727288961410522,0.774116992950439,0.702873945236206,0.489614963531494,1.38079380989075,0.668083906173706,0.608290195465088,0.732544898986816,0.638530015945435,0.582019090652466,0.983628034591675,0.895687103271484,1.06696510314941,0.522806882858276,0.900089979171753,0.748296976089478,0.8975510597229,0.681793212890625,0.799732208251953,0.915673971176147,1.03362798690796,0.790508031845093,1.21986103057861,0.890790939331055,1.23416113853455,0.893722057342529,1.20604991912842,0.791131973266602,0.73326587677002,1.26742887496948,0.891840934753418,0.712810039520264,0.711533069610596,0.652320861816406,0.778792142868042,1.64101409912109,0.97905707359314,1.04267811775208,1.1717529296875,1.05035209655762,1.69142699241638,1.17550301551819,0.854356050491333,1.06850504875183,0.582767009735107,0.94334602355957,1.04453802108765,0.760785102844238,0.545738935470581,0.650617122650146,1.0243968963623,0.968005895614624,0.91801381111145,0.683142900466919,0.651335954666138,1.82942008972168,1.00972199440002,1.00885677337646,1.75587892532349,0.864938974380493,1.13266491889954,0.904680967330933,1.89496111869812,1.16703009605408,1.25154185295105,0.905632972717285,2.37395191192627,1.53653717041016,0.794513940811157,0.962280988693237,1.33703303337097,1.2874231338501,0.901041984558105,1.1461329460144,0.897332906723022,0.599447965621948,0.94182014465332,1.52252101898193,1.01503586769104,0.884658813476562,1.04011797904968,0.885433197021484,1.34727597236633,1.06293511390686,0.895890951156616,0.878492832183838,1.03404211997986,1.025062084198,0.780721187591553,0.741148948669434,0.790776014328003,0.538967847824097,0.810135126113892,1.03210496902466,0.338649034500122,0.781877040863037,0.913905143737793,0.831743955612183,0.831539154052734,1.12501096725464,0.943197011947632,0.784305810928345,0.927794933319092,1.10072898864746,1.0092031955719,0.957129001617432,0.877811193466187,0.931273937225342,0.644293069839478,0.614221096038818,0.861224889755249,0.979178190231323,1.19042706489563,1.08031010627747,0.890386819839478,0.839102983474731,0.785956859588623,1.10153198242188
1.68176007270813,0.7132408618927,0.673076868057251,0.726062059402466,0.786497116088867,0.625799179077148,0.760985851287842,0.877373218536377,1.11411809921265,0.740509986877441,0.913444042205811,0.690771102905273,0.647947072982788,0.692435026168823,0.83804178237915,0.905956029891968,0.766308069229126,0.692234039306641,0.624444007873535,0.862013101577759,0.629539966583252,0.685168981552124,1.06884598731995,1.33517098426819,0.691364049911499,0.998146057128906,0.839016914367676,0.776217937469482,1.48898506164551,0.965553998947144,0.759521007537842,0.81439995765686,0.992185115814209,0.892148017883301,0.950804948806763,0.845254898071289,0.673162937164307,0.928241014480591,0.720160961151123,0.764466047286987,1.05143785476685,1.3840799331665,1.08130502700806,1.28279709815979,1.16155982017517,0.986017227172852,0.798564910888672,1.23019504547119,0.590504169464111,0.711648941040039,0.921649217605591,0.911432981491089,0.673835039138794,0.618331909179688,1.25669503211975,1.04037094116211,0.822594881057739,0.726924896240234,1.25700402259827,1.13574695587158,2.71863484382629,1.50567412376404,0.936707019805908,1.20790314674377,0.753679990768433,0.889723062515259,0.672880887985229,0.790627002716064,0.832104921340942,0.803615808486938,26.2409400939941,0.862550020217896,1.14900684356689,1.45001602172852,0.91849684715271,1.0886812210083,2.08549809455872,1.58460998535156,0.684841156005859,0.762924194335938,1.30677700042725,1.74817609786987,0.934255123138428,1.3527820110321,1.36660599708557,0.910703897476196,0.914626836776733,1.07724499702454,1.04677295684814,0.707288980484009,0.750571966171265,0.675817012786865,1.33452916145325,1.19460511207581,1.78788900375366,0.903037071228027,0.742424011230469,0.970944166183472,0.712738037109375,0.596412897109985,0.910184860229492,0.748521089553833,0.816962957382202,0.85952091217041,0.740773916244507,0.861560821533203,1.10234618186951,0.791623115539551,0.879922866821289,0.655580043792725,1.0049729347229,0.757461071014404,0.737664937973022,0.535818099975586,0.793228149414062,1.17378497123718,1.25708603858948,1.31678795814514,0.82808780670166,0.738940000534058,1.07626700401306,0.774341106414795
0.719993829727173,0.746000051498413,0.702201128005981,0.556793928146362,0.803194999694824,0.634650945663452,0.83374810218811,0.73114800453186,0.96121883392334,0.692483901977539,1.20713210105896,0.669574975967407,0.669426918029785,0.680170059204102,0.814471960067749,0.776780128479004,0.888660907745361,0.637461185455322,0.83630108833313,0.838120937347412,0.598587989807129,0.631352186203003,0.897248029708862,1.04827690124512,0.877975940704346,0.786861896514893,0.812747955322266,1.14114594459534,0.813884973526001,0.749335050582886,1.04095101356506,1.04924702644348,0.822610855102539,1.13242816925049,1.03056287765503,0.663372039794922,0.692021131515503,0.714576005935669,0.83120322227478,0.722475051879883,0.685271024703979,1.84803891181946,0.95331597328186,1.70343208312988,0.939204931259155,0.923744916915894,0.968647003173828,0.668582916259766,0.61672306060791,0.584905862808228,0.882791996002197,0.909950971603394,0.658354997634888,1.50544595718384,1.00884699821472,1.2207670211792,1.30086898803711,0.844235181808472,0.78252911567688,1.04723405838013,1.37771487236023,0.94281005859375,0.805142164230347,1.17380905151367,0.766183853149414,0.831557989120483,0.697718143463135,1.18677401542664,1.16360688209534,1.64725208282471,1.28225708007812,0.927272081375122,0.876163005828857,0.893962144851685,1.86446499824524,1.22523307800293,0.919609069824219,1.39456915855408,0.851800203323364,0.672626972198486,1.41931986808777,0.914402961730957,1.10991787910461,0.995028018951416,1.71639704704285,1.0184280872345,0.723904132843018,0.756571054458618,0.919769048690796,1.19615888595581,0.879288911819458,1.07896900177002,1.51902985572815,1.85957288742065,0.92292594909668,0.646381139755249,0.762549877166748,1.10485005378723,0.627498149871826,0.864574909210205,0.828114986419678,0.781855821609497,1.18243408203125,0.927132129669189,0.786736011505127,0.841471910476685,1.28419303894043,0.911458015441895,0.825362920761108,0.640841960906982,1.39724802970886,1.04241514205933,0.633475065231323,0.548751831054688,1.64449405670166,1.03420209884644,1.14256119728088,1.03787684440613,1.35273289680481,0.682874917984009,0.955345153808594,0.734457969665527
0.714684963226318,1.07732796669006,0.778279066085815,0.68576192855835,0.76085090637207,0.655047178268433,0.901888847351074,1.01257395744324,2.68480491638184,0.736852169036865,2.24814701080322,0.993569135665894,0.599412202835083,0.688363075256348,0.936731100082397,1.03846001625061,0.730437040328979,0.76850414276123,0.898449897766113,0.576534986495972,0.570486783981323,0.755575895309448,1.08274388313293,0.935656785964966,0.688906908035278,0.844609022140503,1.11805295944214,1.52615809440613,0.964457035064697,0.783569097518921,0.941488027572632,0.865993022918701,0.825846910476685,0.820452928543091,0.92439603805542,0.735546112060547,1.01371502876282,0.981050968170166,0.828640937805176,1.05228900909424,0.855547189712524,0.86163592338562,0.99250602722168,1.25342798233032,1.26739001274109,0.817420959472656,0.739283084869385,1.08488488197327,0.794012069702148,0.595562934875488,0.866336107254028,0.784452199935913,0.796585083007812,0.913815021514893,1.05920815467834,0.914217948913574,1.00030398368835,0.599333047866821,0.649669885635376,0.788789033889771,0.962034940719604,0.861931085586548,1.05635094642639,1.20471096038818,0.93091607093811,1.39703583717346,0.79413104057312,1.28396797180176,0.854212045669556,0.918730974197388,1.24100685119629,0.615823030471802,0.920524120330811,0.799126863479614,0.933260917663574,1.43039512634277,0.917789936065674,1.15606498718262,1.13808488845825,0.755167007446289,0.873440027236938,1.05471992492676,1.10247611999512,1.03434801101685,2.77294492721558,0.676932096481323,1.45105695724487,0.0074770450592041,0.711555957794189,0.980540990829468,0.736135005950928,0.859412908554077,0.986587047576904,0.816850900650024,1.09558606147766,0.8214111328125,0.91293478012085,1.1078519821167,0.634672880172729,1.58662509918213,0.850771188735962,0.595165014266968,1.12799715995789,0.963570117950439,0.897150993347168,0.659793853759766,0.958748817443848,1.5360541343689,0.880985021591187,0.654088973999023,0.835201025009155,0.66015100479126,0.759649991989136,0.468374013900757,0.84254789352417,0.809331893920898,1.06489396095276,1.61925506591797,0.882438898086548,0.732938051223755,0.922654151916504,0.832207918167114
0.538418054580688,0.870011806488037,0.760698080062866,0.685293197631836,0.776250123977661,0.847230911254883,0.96734094619751,0.714757204055786,1.19299292564392,0.824005126953125,0.750623941421509,0.756367921829224,0.608325004577637,0.583163022994995,0.794363021850586,0.672240018844604,2.53817796707153,0.671310901641846,0.783020973205566,0.82445502281189,0.716955900192261,0.703304052352905,0.667992115020752,0.854784965515137,0.892988920211792,0.94471287727356,0.965568065643311,0.736509084701538,0.96628212928772,0.735188007354736,1.02931714057922,0.810572862625122,0.983601808547974,0.832342863082886,0.94049596786499,1.26583886146545,0.720609903335571,0.735198020935059,0.764726877212524,1.41590189933777,0.709272861480713,0.785037040710449,0.899863958358765,1.27832913398743,1.16245412826538,1.40393996238708,1.08005118370056,0.790601015090942,0.677234888076782,0.729037046432495,0.915122032165527,0.806535959243774,0.678639888763428,0.75019907951355,1.02530980110168,1.15374898910522,0.902919054031372,0.876219034194946,0.827417135238647,0.921715021133423,1.31341600418091,1.26548409461975,0.977660179138184,1.30029487609863,1.22304892539978,1.19414496421814,0.924327850341797,1.20218706130981,0.85584282875061,1.05004096031189,1.01977396011353,0.955579042434692,0.842214822769165,0.621664047241211,1.29238414764404,0.952539205551147,0.783395051956177,0.748456001281738,1.07656502723694,0.776895046234131,0.800742864608765,1.51273703575134,0.926501035690308,1.13517999649048,1.40790987014771,0.996329069137573,1.93973612785339,0.911914110183716,0.634503126144409,0.730886936187744,0.775221109390259,0.697039127349854,1.43673205375671,1.07609415054321,1.57535719871521,0.815129995346069,0.732666015625,0.745784044265747,0.689680099487305,1.12467193603516,0.737091064453125,0.750613927841187,0.772697925567627,0.958018064498901,1.19295287132263,0.583271026611328,0.831368207931519,1.15648794174194,0.468679904937744,0.618093967437744,0.784348964691162,0.760537147521973,0.728264093399048,0.716459989547729,0.697355031967163,0.969793081283569,1.17575907707214,2.54412984848022,0.987940073013306,0.671967029571533,0.803047180175781,0.836328983306885
0.846881151199341,1.08615493774414,0.860781908035278,0.633257865905762,0.745784997940063,1.01402616500854,0.861464977264404,1.08332300186157,1.2175760269165,0.723443984985352,0.894426107406616,0.734817981719971,0.622537851333618,0.684383153915405,0.790685892105103,0.843611001968384,0.786376953125,0.816103935241699,0.67074990272522,1.02199292182922,0.58701491355896,0.939980983734131,0.749036073684692,0.595561027526855,0.932881832122803,0.688544034957886,0.680491924285889,0.909801959991455,1.04640293121338,1.07121896743774,1.10146188735962,0.861279010772705,0.914561033248901,0.786440849304199,0.759225845336914,0.669615030288696,0.669681072235107,1.13352799415588,0.788315057754517,0.64506196975708,0.766175031661987,0.718621015548706,1.17098212242126,0.696070909500122,1.81069493293762,1.10192203521729,0.843058109283447,0.676109790802002,0.663902044296265,0.80061411857605,0.93199896812439,0.897164821624756,0.849905967712402,1.25867605209351,0.923550844192505,1.14239406585693,0.984647035598755,0.815419912338257,0.841760158538818,0.742810964584351,1.24222302436829,0.873022079467773,1.01571297645569,2.85385394096375,0.990190029144287,1.13213014602661,0.825385093688965,0.88015604019165,4.16022801399231,1.01692390441895,0.786727905273438,0.657158851623535,1.51588988304138,0.546812772750854,1.04920291900635,0.838791131973267,0.808322906494141,1.14663004875183,0.904492139816284,0.637242794036865,1.52476000785828,1.25584888458252,1.0060031414032,0.909350872039795,0.857542991638184,0.936162948608398,1.05713987350464,1.21567392349243,0.725955963134766,0.953277111053467,0.734709978103638,0.69966197013855,1.05004906654358,0.746262788772583,1.12393307685852,0.709358930587769,1.31739497184753,1.01524591445923,1.69607400894165,0.789151906967163,0.86727499961853,0.814731121063232,0.987579107284546,0.932125091552734,0.725687026977539,0.612404823303223,1.24651384353638,1.16111397743225,0.999232053756714,0.506864786148071,0.633729934692383,0.997004985809326,0.717234134674072,0.516906023025513,0.705353975296021,0.782725095748901,0.822865009307861,1.13521003723145,1.40723299980164,0.692559003829956,0.913064002990723,1.06331086158752
1.25123906135559,0.91700291633606,0.744187116622925,0.927443981170654,1.14649701118469,0.943794965744019,0.964390993118286,0.704313039779663,2.14166617393494,0.604549884796143,0.831154108047485,0.670727968215942,0.746332883834839,0.794050931930542,0.788712024688721,0.819758892059326,1.45411396026611,0.864253044128418,0.696486949920654,1.86613583564758,0.817846059799194,0.733066082000732,0.631494998931885,0.855034112930298,0.805438041687012,0.736678123474121,0.898196935653687,0.875355958938599,1.3594388961792,0.916129112243652,1.38408613204956,0.840059995651245,0.871140956878662,0.6978919506073,0.992470979690552,0.778650999069214,0.783382892608643,0.549822092056274,1.21467804908752,0.941138982772827,0.602331876754761,1.05498790740967,0.728859901428223,0.933892011642456,1.02880001068115,1.14617085456848,0.880352973937988,0.694405078887939,0.616529941558838,0.926962852478027,1.47266507148743,0.806435823440552,0.765465021133423,0.570663928985596,0.938232898712158,1.1557469367981,0.935038089752197,0.823274850845337,0.934053897857666,0.855467796325684,1.46755909919739,1.26568078994751,1.09081888198853,1.07003617286682,1.27309799194336,0.93493914604187,0.835557222366333,0.746697902679443,1.01391291618347,1.70014095306396,0.961335182189941,0.750871181488037,1.0105459690094,0.716703176498413,0.931090116500854,1.32044100761414,1.09981107711792,0.618722915649414,0.911926984786987,0.690174102783203,0.866131067276001,1.43045806884766,1.03346800804138,0.87070107460022,3.06018710136414,1.03962302207947,1.48063802719116,0.97853422164917,0.875370979309082,0.938844919204712,0.827162981033325,1.0272479057312,0.966662883758545,1.18145394325256,0.581301927566528,0.601794004440308,0.929693937301636,0.973856925964355,1.06730699539185,1.97958707809448,1.0100839138031,0.852289915084839,1.75216507911682,0.982418060302734,0.663149118423462,0.662734985351562,1.22895002365112,1.19521903991699,0.634780168533325,0.620493173599243,0.898251056671143,0.782778024673462,0.774538040161133,0.512598037719727,0.800092935562134,0.886735916137695,0.932641983032227,1.40994620323181,0.856266021728516,0.645348787307739,0.890629053115845,1.05572700500488
0.810479164123535,0.957089185714722,0.617007970809937,0.536352872848511,0.968345880508423,1.00023221969604,0.794256925582886,0.939181089401245,1.0664849281311,0.735682010650635,0.860620021820068,0.751785039901733,0.662446975708008,0.530132055282593,0.89254093170166,0.955927133560181,1.40887403488159,0.761659860610962,1.33363604545593,0.788257122039795,0.722436904907227,1.06345701217651,1.09395790100098,0.993251085281372,0.765069007873535,0.803001880645752,1.32181000709534,0.848971128463745,1.11624789237976,0.851314067840576,0.900408029556274,1.16144609451294,0.769575119018555,1.27501702308655,1.11813116073608,0.831490039825439,0.875258922576904,0.706789016723633,0.675733804702759,0.732605934143066,1.11006307601929,0.989514827728271,0.849601030349731,1.41013097763062,1.16594886779785,1.36043882369995,0.725932836532593,0.887151002883911,0.704205989837646,0.629894018173218,0.652748823165894,0.8958420753479,0.702948808670044,0.763723134994507,0.716804027557373,1.16962099075317,0.803246021270752,0.734885931015015,0.90627908706665,1.12110495567322,1.05021405220032,1.80640697479248,0.969428062438965,0.990963935852051,0.907745122909546,0.805229902267456,0.682181119918823,0.758491992950439,1.0101010799408,0.973274946212769,1.14942502975464,0.701794862747192,0.742924213409424,0.677938938140869,1.11234593391418,0.995005130767822,0.961329936981201,1.06499695777893,0.784919023513794,0.642225027084351,3.7744460105896,0.801365852355957,1.04951190948486,1.18526411056519,1.34885001182556,0.856241941452026,0.875174045562744,4.55754208564758,0.715490818023682,0.931264877319336,0.977900981903076,0.875627040863037,3.53966498374939,0.138552904129028,0.794458866119385,0.574204921722412,0.865549087524414,0.852073907852173,0.901916027069092,1.0994188785553,0.81727409362793,0.649916887283325,0.913681030273438,0.899401187896729,0.737706899642944,0.736895799636841,1.24538016319275,0.935240983963013,0.769378900527954,0.690693855285645,0.829834938049316,0.72278094291687,1.11615705490112,0.454705953598022,0.676694869995117,0.878304004669189,0.876842975616455,0.842172145843506,0.753933906555176,0.731843948364258,0.740170001983643,1.04227995872498
1.34599995613098,0.96061110496521,0.730777025222778,0.798640966415405,0.748106002807617,1.11307287216187,0.772622108459473,0.605916023254395,1.08441710472107,0.714117050170898,0.762001037597656,0.832306146621704,0.721608877182007,0.64621114730835,0.876636028289795,0.856683015823364,0.908204078674316,0.651608943939209,1.07843613624573,2.31040096282959,0.596016883850098,0.742011070251465,0.975014925003052,0.872942924499512,0.873111009597778,0.908418893814087,0.7847740650177,0.921283960342407,1.06931114196777,0.749186992645264,1.61059784889221,0.66695499420166,0.833815097808838,0.749107122421265,1.34795999526978,0.688668012619019,0.750358819961548,0.855435132980347,0.716327905654907,0.787539958953857,1.20261907577515,0.863901853561401,0.940438985824585,0.996281862258911,0.834155082702637,0.819109916687012,0.83742094039917,0.964657783508301,0.681550979614258,0.643764019012451,0.960660934448242,0.738507986068726,1.20381808280945,0.820332050323486,2.55905103683472,1.38127589225769,0.684514999389648,0.928522825241089,0.784986019134521,1.12207889556885,0.770665884017944,0.802337169647217,1.3095850944519,0.860723972320557,1.07604098320007,1.34945797920227,0.796160221099854,0.61552095413208,0.834881782531738,0.901847839355469,1.06488108634949,0.854225158691406,1.02284216880798,0.645740032196045,1.23760986328125,1.01793503761292,0.845598936080933,0.876335859298706,0.883822917938232,0.666412830352783,1.86293792724609,1.33024406433105,1.11652183532715,0.879364967346191,1.54419898986816,0.806819915771484,1.1082968711853,0.799411058425903,0.584113836288452,0.519791126251221,0.942902088165283,0.865950107574463,1.19889211654663,1.76997113227844,0.851827144622803,0.726611137390137,0.772477149963379,1.95344185829163,0.643260955810547,1.31278896331787,0.699542045593262,0.784544944763184,1.43078398704529,1.02719306945801,0.858657836914062,1.20488095283508,0.855404853820801,1.23714089393616,0.673835039138794,0.720340013504028,0.750948905944824,0.623799085617065,0.698715925216675,0.656177997589111,0.902354001998901,0.717076778411865,1.19403100013733,1.64104890823364,1.31130003929138,0.569721937179565,0.875257968902588,1.01748704910278
1.2183690071106,1.23368287086487,1.07488083839417,0.58614706993103,0.5416259765625,1.05048799514771,0.789141178131104,0.670660018920898,0.877865076065063,0.892275094985962,0.757145166397095,0.780521154403687,0.814015865325928,0.672080993652344,0.769684076309204,0.849273920059204,0.716980934143066,0.813298940658569,0.824219226837158,1.72160410881042,0.778146982192993,0.672969102859497,1.1237850189209,0.872435092926025,0.672671794891357,0.781736135482788,0.897873163223267,0.75860595703125,1.17019891738892,0.9131760597229,0.754969120025635,1.05120015144348,0.791127920150757,0.590595960617065,0.783772945404053,0.693815946578979,0.67124605178833,0.85530686378479,1.54227519035339,0.790358066558838,0.936349868774414,1.037358045578,0.923789024353027,0.955035209655762,1.03295803070068,0.778068065643311,0.867532014846802,0.805089950561523,0.732840061187744,0.819057941436768,0.899208068847656,0.788749933242798,0.698154926300049,0.69746994972229,0.982558012008667,0.99768590927124,1.37017011642456,0.799030065536499,0.690042018890381,1.01780295372009,1.12376689910889,1.21581411361694,1.00557684898376,1.0631959438324,0.936630010604858,1.1697690486908,0.876309871673584,0.928699016571045,1.90238523483276,1.28783512115479,0.761801958084106,1.24266695976257,1.28153800964355,0.673234939575195,1.19415903091431,0.958066940307617,0.756854772567749,0.666245937347412,0.912996053695679,0.917998075485229,0.944891929626465,1.74962592124939,1.13998198509216,1.04351902008057,2.70572900772095,0.599909067153931,0.846400022506714,2.31555485725403,0.106471061706543,0.861556053161621,0.828544139862061,0.926473140716553,0.949890851974487,2.42322993278503,1.44369792938232,0.774639129638672,0.751208066940308,1.80437088012695,1.0100519657135,1.05743908882141,1.10267901420593,0.655516862869263,0.953496932983398,1.04787683486938,0.988278865814209,0.852694034576416,0.92633318901062,0.845053911209106,0.960456132888794,0.592165946960449,0.822452068328857,0.730790138244629,0.709022045135498,0.552087068557739,0.886195182800293,0.895367860794067,1.22025108337402,0.630361080169678,1.03700804710388,0.555472135543823,0.965276956558228,1.45115494728088
0.663202047348022,1.21675586700439,0.671159029006958,0.567607879638672,0.875236988067627,1.06723403930664,0.74412202835083,0.72740912437439,1.08433318138123,0.898009061813354,0.949476003646851,1.09693193435669,0.512741088867188,0.799176931381226,0.800562858581543,0.894448041915894,0.939754009246826,0.717336893081665,0.832053899765015,0.660644054412842,0.557102918624878,0.559998989105225,0.807699918746948,1.07613110542297,0.731452941894531,0.647352933883667,0.641790866851807,0.853854179382324,0.987582921981812,1.51917910575867,0.647006034851074,0.811897993087769,1.07362294197083,0.649779081344604,0.937734127044678,0.690181970596313,0.798792839050293,0.938211917877197,0.775856018066406,0.683767080307007,0.877983093261719,0.966320037841797,0.984670162200928,0.920267105102539,0.912275075912476,0.900106191635132,1.12114310264587,0.682672023773193,0.671255826950073,0.799538135528564,0.8816978931427,0.935380935668945,0.725013017654419,0.697309970855713,1.14794111251831,0.972624063491821,0.724086999893188,0.959862947463989,0.738435029983521,1.06662607192993,1.47306489944458,1.84210705757141,1.06101202964783,0.964850902557373,1.17828297615051,1.20226883888245,1.16314506530762,0.916440963745117,0.788888931274414,0.808227062225342,1.62811589241028,0.848598957061768,0.845369100570679,0.722322940826416,0.344409942626953,1.29842519760132,0.726770162582397,1.16313791275024,0.975050926208496,0.749433040618896,1.36310291290283,1.42066192626953,0.943903923034668,0.92863917350769,1.67787098884583,0.891730070114136,1.08904194831848,0.776774168014526,0.70879602432251,0.820133924484253,0.802543163299561,0.826709985733032,1.15197896957397,1.92213916778564,0.722107172012329,0.954494953155518,0.778602123260498,1.08489418029785,0.704710006713867,0.7914719581604,0.752465009689331,0.96302604675293,0.865324974060059,1.0419659614563,0.66386604309082,0.749104022979736,1.1706440448761,0.847145080566406,0.605716943740845,0.668661832809448,0.794373989105225,0.976524829864502,0.654289960861206,1.10191893577576,0.675217151641846,0.914335012435913,1.03644895553589,1.70502495765686,0.889678955078125,0.648102045059204,0.70854377746582,1.12342214584351
0.623593807220459,0.724474906921387,0.621140956878662,0.837333202362061,0.816552877426147,0.944116115570068,1.02920794487,0.913424968719482,1.09472703933716,0.888780117034912,0.853823900222778,1.00366187095642,0.845844030380249,0.599984884262085,0.878367900848389,0.81618595123291,0.948359966278076,0.789437055587769,0.929534912109375,0.6894690990448,0.753021955490112,0.614396095275879,0.81497597694397,0.950001955032349,0.682575941085815,0.797485113143921,0.910994052886963,0.881786108016968,1.23255491256714,1.23578500747681,1.10083508491516,0.895997047424316,0.945183992385864,0.855770111083984,1.04386305809021,0.649758815765381,0.857688188552856,0.8542320728302,0.938637018203735,0.732907056808472,1.79531002044678,0.956312894821167,0.803802013397217,0.956492900848389,1.01722693443298,0.898444890975952,1.03878116607666,1.31134295463562,0.941903114318848,0.874140024185181,1.14453411102295,0.698146104812622,0.818147897720337,0.761120080947876,1.29930710792542,0.885279893875122,0.72984504699707,1.14802122116089,0.708203077316284,1.02923989295959,1.67293310165405,1.43486213684082,0.995429992675781,1.20466208457947,1.29718995094299,1.62416291236877,1.00596594810486,0.865128993988037,1.23599600791931,0.867408037185669,0.949395895004272,1.33458709716797,0.89005184173584,0.799206972122192,0.997131109237671,1.04933595657349,1.42716002464294,1.18256711959839,0.671818971633911,0.701672077178955,1.01399898529053,1.21845984458923,1.09598898887634,0.971720933914185,1.01170182228088,0.795427083969116,1.62392807006836,1.00836300849915,0.68799614906311,0.76500391960144,1.0529260635376,0.945636987686157,4.69870686531067,2.28205895423889,0.628319978713989,0.709138154983521,0.820080995559692,1.1032612323761,1.00552201271057,0.822695970535278,0.906059980392456,1.57541513442993,0.924432039260864,0.894495010375977,0.733550071716309,1.17301917076111,0.919081926345825,0.95038890838623,0.962485074996948,0.589437007904053,0.869089126586914,0.605838060379028,0.839893817901611,0.720284938812256,1.2458119392395,0.798932075500488,1.08889317512512,1.71286988258362,0.904025077819824,0.531560897827148,0.774854898452759,1.14136505126953
0.912070035934448,1.13938903808594,0.677469968795776,0.563581943511963,0.98128604888916,0.867067098617554,0.601930141448975,0.73674488067627,1.16350698471069,0.653905868530273,0.762600183486938,1.22976803779602,0.928014993667603,0.720425128936768,0.940025806427002,0.699442863464355,0.800823926925659,1.01594996452332,0.747224092483521,1.14676094055176,0.582816123962402,0.57758903503418,0.850495100021362,1.00829100608826,0.746757030487061,0.707401990890503,1.08849000930786,1.14987277984619,1.04103183746338,0.591186046600342,0.714463949203491,0.758807182312012,1.06394004821777,0.751210927963257,0.859716892242432,1.94781899452209,0.779128074645996,1.21876692771912,1.0460000038147,0.744640111923218,1.03528904914856,0.792094945907593,1.43101406097412,0.890150785446167,0.726140975952148,0.881407976150513,1.158931016922,0.683835983276367,0.696281909942627,1.33784890174866,0.831799030303955,0.753294944763184,0.636260032653809,0.631428003311157,1.27867794036865,0.785445928573608,0.594796180725098,0.662086009979248,0.829598903656006,0.827468872070312,1.06184220314026,1.17728304862976,1.32418298721313,1.10944104194641,0.822086095809937,1.57559704780579,0.770139932632446,0.65504002571106,1.00596690177917,1.22239208221436,1.15508890151978,0.961669921875,0.773203134536743,0.608880043029785,0.797355890274048,0.965868949890137,0.741442203521729,1.30102205276489,0.844051122665405,0.786825895309448,0.850528001785278,1.43608713150024,1.69342684745789,1.01437401771545,1.4559690952301,0.818522930145264,0.904597043991089,1.57332801818848,0.678822994232178,0.837908029556274,1.06020402908325,0.77419114112854,4.5212459564209,1.26814913749695,0.704755067825317,0.61544394493103,1.03307199478149,1.13801097869873,1.19516587257385,0.719717979431152,0.973736047744751,0.693969964981079,0.771514177322388,1.61799287796021,0.916680097579956,0.67662501335144,1.70546007156372,1.41879081726074,0.652586936950684,0.698896884918213,0.844770908355713,0.901017904281616,0.699857950210571,0.776739120483398,1.65387415885925,0.912457942962646,0.657806158065796,1.51161503791809,0.710093021392822,0.53893780708313,0.805623054504395,0.862720966339111
0.631111860275269,0.701902866363525,0.639042139053345,0.720227003097534,0.899531841278076,0.918431997299194,0.899979114532471,0.739778995513916,1.04945802688599,0.95199990272522,0.982823133468628,0.671591997146606,0.64919900894165,0.794358968734741,1.09149789810181,0.892187118530273,1.20238304138184,0.729376077651978,1.04850006103516,1.6640739440918,0.794533014297485,0.663352012634277,1.33694100379944,1.13608002662659,0.714308977127075,0.726196050643921,0.923056840896606,1.08656406402588,0.830132961273193,0.81859302520752,0.75248908996582,0.903298139572144,0.72664999961853,0.868372917175293,0.914998769760132,0.716123819351196,0.842522144317627,0.925271987915039,0.74191689491272,1.27129101753235,1.23453497886658,0.86510705947876,1.27818322181702,1.32756686210632,1.32487297058105,1.1926281452179,0.724159002304077,0.674766063690186,0.764436006546021,0.858860969543457,0.855281829833984,0.884171962738037,0.645096063613892,0.799153089523315,1.16515517234802,1.14962792396545,0.611758947372437,0.794806003570557,1.05616807937622,1.10522603988647,0.951457023620605,1.11869311332703,1.10794496536255,1.46192693710327,0.89383602142334,1.05036497116089,0.787822961807251,0.61090612411499,1.15250611305237,0.850324153900146,1.44579005241394,1.21404099464417,0.971459865570068,0.69212794303894,2.91483902931213,1.02957105636597,1.25926494598389,0.818562984466553,0.936578035354614,0.639672994613647,0.967813968658447,1.0736289024353,1.6199471950531,1.29222989082336,1.51888203620911,0.876213073730469,0.803756952285767,1.14374399185181,0.677150964736938,0.949656963348389,0.952224969863892,0.946767091751099,0.721544981002808,0.0810329914093018,1.27446508407593,0.682888031005859,0.712630987167358,1.07698392868042,0.876980066299438,1.35781192779541,0.832341909408569,0.711827993392944,0.982071876525879,1.15595889091492,0.69969916343689,1.17436099052429,0.995924949645996,1.34240698814392,0.601845979690552,0.710628032684326,0.617703914642334,0.733231067657471,0.641788959503174,0.809658050537109,0.793164014816284,0.716576099395752,1.14427208900452,1.24606585502625,0.805139064788818,0.678503036499023,0.782315015792847,0.880500078201294
2.45388793945312,1.12948703765869,0.75043797492981,0.681998014450073,0.684329032897949,0.817201852798462,0.655768156051636,0.723308086395264,1.47229385375977,0.826889991760254,1.03037095069885,0.735935926437378,0.49667501449585,0.537775993347168,0.765885829925537,0.661480188369751,1.86048316955566,0.634594202041626,0.891356945037842,0.761268854141235,0.714767932891846,0.902782917022705,0.987381935119629,1.11461186408997,1.10892200469971,0.680853843688965,0.937227010726929,0.817161083221436,0.798874139785767,0.775182962417603,1.5969660282135,0.780436992645264,0.817084074020386,0.689172029495239,0.838872909545898,0.747879981994629,0.895241975784302,0.678738832473755,0.890844821929932,1.20409393310547,0.848420858383179,1.14250612258911,1.20628309249878,0.733783960342407,1.24293303489685,1.15509104728699,0.946866989135742,0.809974908828735,0.715020895004272,2.00567889213562,1.03754305839539,0.871697902679443,0.713840007781982,0.725023984909058,1.45562601089478,0.79901909828186,0.811150074005127,1.00320100784302,0.949411153793335,0.820762157440186,0.851058959960938,0.692206859588623,1.30764293670654,1.84983897209167,0.869573831558228,0.917557001113892,0.746013879776001,0.796122074127197,1.04635000228882,0.803287982940674,1.51968502998352,0.751669883728027,0.636104106903076,0.752502918243408,0.922589778900146,0.955167055130005,1.0193829536438,0.965816974639893,0.80234694480896,0.592989921569824,0.929818868637085,0.971451997756958,0.995916128158569,0.87666392326355,0.972245931625366,0.709058046340942,1.35955309867859,1.37947106361389,0.844744920730591,0.997706174850464,0.861930131912231,0.787591934204102,0.808780908584595,1.06289792060852,1.03405690193176,0.794386148452759,0.955807209014893,0.93970799446106,0.712229013442993,0.985555171966553,1.0280818939209,0.898334980010986,0.799929141998291,0.911887168884277,0.714164018630981,0.643379926681519,1.16038417816162,1.8535590171814,0.724354028701782,0.652172088623047,1.03516793251038,1.29157590866089,0.636969089508057,0.611076831817627,0.772599935531616,1.19942593574524,1.10385704040527,1.34830284118652,0.756736040115356,0.638176918029785,0.722408056259155,0.801497220993042
1.12411594390869,1.07554912567139,0.676345109939575,0.528515100479126,1.09501004219055,0.756484985351562,0.712679147720337,0.744730234146118,1.00836586952209,0.795284032821655,0.93373703956604,1.00546908378601,0.539433002471924,0.57020092010498,0.796398878097534,0.780456066131592,0.671371936798096,1.55725002288818,0.806113004684448,0.734465837478638,0.745684862136841,0.727384090423584,0.756978988647461,2.61627388000488,0.694227933883667,0.701320886611938,0.662765979766846,0.744791030883789,0.871742010116577,0.96184778213501,0.771738052368164,0.922027111053467,0.69536304473877,0.717879056930542,1.04499197006226,0.817328929901123,0.63648509979248,1.09016299247742,0.847157001495361,0.735899925231934,1.10923480987549,0.845889806747437,1.00699996948242,1.15651607513428,1.24283885955811,0.93027400970459,0.843765020370483,0.600383996963501,0.641000986099243,0.694129228591919,0.982460975646973,0.708356857299805,0.79539680480957,0.749113082885742,1.00784111022949,0.926409006118774,0.712950944900513,0.667004108428955,0.968875169754028,2.03677415847778,0.92805290222168,1.17568802833557,0.914338111877441,1.06600189208984,0.907448053359985,0.873695135116577,0.743459939956665,0.648865938186646,0.821712017059326,1.69079494476318,0.928682088851929,1.68766498565674,0.918108940124512,0.892606019973755,1.59190702438354,0.996746063232422,0.826241970062256,1.12488985061646,0.700088024139404,0.595523118972778,0.977740049362183,0.735023021697998,0.577551126480103,1.05818510055542,1.3378381729126,0.918294906616211,4.07072401046753,1.20761919021606,1.07628083229065,1.48377680778503,0.907544136047363,0.684587955474854,0.926494121551514,2.50248217582703,0.910327911376953,0.654640913009644,0.891366004943848,0.882930040359497,0.650697946548462,0.78013801574707,0.599401950836182,0.816646099090576,0.894716024398804,0.893097877502441,0.733783960342407,0.640985012054443,1.19542813301086,0.857546091079712,0.668743848800659,0.797722101211548,0.930285930633545,0.686244964599609,0.587686061859131,0.693717956542969,1.44522190093994,1.03097820281982,0.738880157470703,0.894170999526978,0.790527105331421,0.589314937591553,0.934559106826782,1.24980902671814
0.782809019088745,0.915508031845093,0.637086868286133,0.689643144607544,0.665986061096191,0.827411890029907,0.766025066375732,0.907861948013306,1.25851106643677,0.823379993438721,0.825927019119263,1.21963500976562,0.599532842636108,0.688040971755981,0.809952020645142,0.787615060806274,0.731940031051636,0.627094030380249,1.21820092201233,0.680592060089111,0.584585905075073,0.688657999038696,1.17563199996948,0.697839021682739,0.916966199874878,0.811856985092163,0.830732107162476,0.81519603729248,0.920076131820679,0.71843409538269,0.870026826858521,0.782552003860474,0.742616176605225,0.678259134292603,0.639110088348389,0.805927038192749,0.849390983581543,0.953318119049072,0.825908899307251,0.730324983596802,1.21565699577332,0.697841882705688,1.21019601821899,0.750854015350342,1.17243885993958,1.55929684638977,1.03680801391602,0.760972023010254,1.02866506576538,0.690865039825439,1.13547587394714,0.932609796524048,0.700675010681152,0.554241180419922,1.30465388298035,2.14600014686584,0.673383951187134,0.659785985946655,1.14941906929016,1.11130404472351,1.16525793075562,0.99575400352478,1.01102805137634,1.31383109092712,0.824297189712524,1.11115598678589,0.828754186630249,0.607975006103516,0.816307783126831,0.827836990356445,1.03383302688599,0.850862979888916,0.8018639087677,1.24504113197327,0.846246957778931,1.03985404968262,0.927689075469971,1.15648102760315,0.891641139984131,0.850581169128418,0.783920049667358,0.61102294921875,1.07714605331421,0.847753047943115,1.05422902107239,0.918269157409668,1.19066190719604,1.23638486862183,0.798166990280151,0.687212944030762,0.796447038650513,0.948107957839966,2.26611709594727,1.60579085350037,0.630178928375244,1.19058799743652,0.791051864624023,1.44948697090149,0.876461029052734,0.798810005187988,0.737306833267212,0.720484972000122,0.924033164978027,1.2447030544281,0.962330102920532,1.17827105522156,1.14182996749878,1.11410999298096,0.754593133926392,1.26099896430969,0.808870077133179,0.620957851409912,0.658495903015137,0.709133863449097,0.986114978790283,1.21847605705261,0.717564105987549,0.708774089813232,0.666352033615112,0.762661933898926,0.754938840866089,0.919487953186035
1.2234411239624,1.11353206634521,0.645695924758911,0.725039005279541,0.77000093460083,0.862161874771118,0.708784103393555,0.752989053726196,0.974419116973877,0.642864942550659,0.823678970336914,0.878047943115234,0.72528600692749,0.568078994750977,1.19534182548523,1.13115096092224,0.821566104888916,0.77259087562561,0.837419033050537,0.69163703918457,0.673305988311768,0.681391000747681,0.886099100112915,0.769500017166138,0.738533973693848,0.791707992553711,0.811336040496826,1.22567701339722,1.20104002952576,1.20456480979919,1.05022192001343,0.879426956176758,0.738083124160767,1.31946301460266,0.629247903823853,1.596275806427,0.952484130859375,0.855063199996948,0.715473175048828,0.864742994308472,0.75578498840332,0.798775911331177,1.0015811920166,0.699398994445801,1.2044939994812,0.860815048217773,0.969667911529541,0.836220979690552,0.667641878128052,0.939919948577881,0.814929008483887,0.645592927932739,0.702437162399292,0.741122961044312,1.03078293800354,0.756689071655273,0.622361898422241,0.911490201950073,1.44096899032593,1.32812809944153,1.17114806175232,1.05000615119934,1.66382503509521,1.29576206207275,0.77006983757019,1.17477297782898,0.759943008422852,0.83502984046936,1.17814898490906,1.00145506858826,1.85086393356323,0.928167104721069,0.804492235183716,0.701490879058838,0.722754001617432,1.97756195068359,0.774823904037476,0.79867696762085,0.783370971679688,0.721755027770996,1.03122496604919,1.14453911781311,1.20104289054871,1.03322219848633,0.878387928009033,0.709789037704468,1.12955379486084,1.0780987739563,0.689313888549805,0.666843891143799,0.907441139221191,1.01487612724304,1.10246706008911,1.93630790710449,0.605691909790039,0.607016086578369,0.720470905303955,1.68719601631165,0.81629204750061,1.03564190864563,0.870541095733643,0.944994926452637,1.17000889778137,1.5723021030426,0.718924045562744,0.608594179153442,1.18782591819763,1.17168498039246,0.58132791519165,0.694656848907471,0.756931781768799,0.779822111129761,0.754457950592041,0.632358074188232,0.861236810684204,0.715787887573242,1.08501601219177,0.910537004470825,0.879337787628174,0.796442985534668,0.92334508895874,0.793493032455444
0.793442010879517,0.751569032669067,0.718658924102783,0.757247924804688,0.671938896179199,0.922351121902466,1.02535200119019,0.67444896697998,1.03070306777954,0.829637050628662,0.696854829788208,1.09719800949097,0.516765117645264,0.673880100250244,0.843439817428589,0.847620010375977,0.62837290763855,0.819400072097778,0.705793857574463,0.856043100357056,0.568581104278564,0.571543216705322,0.669514179229736,1.1863808631897,0.641723871231079,0.660270929336548,0.983960866928101,0.83710503578186,0.924183130264282,0.695730924606323,0.772839069366455,0.74775505065918,0.807320833206177,0.935635089874268,1.27828598022461,0.725403070449829,0.754623889923096,0.870242118835449,1.03660106658936,0.669087886810303,0.997277021408081,0.977706909179688,0.944495916366577,0.944410085678101,2.18820810317993,1.21814513206482,0.661884069442749,0.838356018066406,0.69383978843689,0.696661949157715,1.29263615608215,0.707883834838867,0.829638957977295,0.803194046020508,1.32226085662842,1.14890813827515,1.12232398986816,1.04893183708191,1.05246305465698,0.974528074264526,1.65022206306458,0.959662914276123,1.12857294082642,1.19049000740051,0.71417498588562,1.32531809806824,0.992491960525513,0.791168928146362,1.16724705696106,1.09028005599976,1.7903459072113,0.856266021728516,0.980172872543335,1.16295218467712,0.666735887527466,1.27438497543335,1.47780609130859,0.83751106262207,0.962501049041748,0.542190790176392,0.788912057876587,2.48549103736877,0.908468961715698,1.57315587997437,1.71602582931519,0.694492101669312,0.963933944702148,1.40404605865479,1.16395306587219,0.816345930099487,0.933633089065552,0.780633211135864,0.922429084777832,2.15677094459534,0.662065982818604,0.811850070953369,0.843699932098389,1.35262894630432,0.694031953811646,1.14687705039978,0.639972925186157,0.774780988693237,1.90571713447571,1.47421813011169,0.68759298324585,0.95732307434082,1.36300110816956,1.26954317092896,0.724117994308472,0.587913036346436,0.784041166305542,0.70179009437561,0.658838033676147,0.586490154266357,0.872911930084229,0.6282799243927,1.05488204956055,0.832953929901123,1.16099786758423,1.13066911697388,0.751544952392578,1.00829696655273
0.735021829605103,1.21668815612793,0.634403944015503,0.673527956008911,0.758946895599365,0.816554069519043,0.791942834854126,1.0025908946991,1.13285708427429,0.724046945571899,0.805001020431519,0.988500118255615,0.700868844985962,0.85296106338501,0.887677907943726,0.717341899871826,0.79287314414978,0.579785823822021,0.945968866348267,0.895694017410278,0.657870769500732,0.742882966995239,0.919282913208008,1.01308703422546,0.744837045669556,0.773597955703735,1.10445594787598,0.840240001678467,0.937567949295044,0.886413097381592,0.988795042037964,0.775415182113647,0.746482849121094,0.692059993743896,0.762494087219238,0.921905040740967,0.893110990524292,1.12064695358276,0.738288164138794,1.0037670135498,1.11493396759033,1.00320506095886,0.763880968093872,1.90865683555603,1.00884509086609,1.05201005935669,1.09918904304504,0.850177049636841,1.29017782211304,0.670747995376587,1.03293490409851,0.649280071258545,0.60080099105835,0.757251977920532,0.992539882659912,1.56174397468567,0.721236944198608,0.950609922409058,1.24935579299927,0.989099025726318,0.882866859436035,1.39364504814148,1.28578019142151,1.34577608108521,0.962548971176147,0.870361089706421,0.599448204040527,1.12637090682983,1.15771818161011,1.49192905426025,1.16151094436646,1.21252799034119,0.732452869415283,0.543560028076172,1.14885878562927,1.17672991752625,0.73534083366394,0.874418973922729,1.29162096977234,0.643520832061768,1.02151298522949,1.65247297286987,1.09103488922119,0.877398014068604,3.03327512741089,0.823007106781006,1.25609588623047,0.840155839920044,1.19430184364319,0.754292011260986,0.785398960113525,0.894228935241699,1.23960590362549,1.95824003219604,0.560009002685547,0.559834003448486,0.904832124710083,1.33347105979919,1.28536605834961,0.785482883453369,1.48302698135376,0.69666600227356,0.778402090072632,1.02155709266663,0.86563515663147,0.811594009399414,0.974929094314575,1.10072302818298,0.884149074554443,0.746023893356323,0.621415853500366,0.635290861129761,0.744334936141968,0.754948854446411,0.810167074203491,0.9826500415802,0.852151155471802,2.00211000442505,0.973052978515625,0.677799940109253,0.807449102401733,0.834924936294556
0.655616044998169,0.842765092849731,0.924440860748291,0.899440050125122,0.656418085098267,0.667923927307129,1.18836998939514,0.85676097869873,1.43093609809875,0.648764133453369,0.611407995223999,1.04207587242126,0.688299894332886,0.734141111373901,0.985574960708618,1.18581295013428,0.775102853775024,1.00090003013611,1.10334587097168,0.761958122253418,0.672200202941895,0.70776104927063,1.2634859085083,1.52246499061584,0.699043989181519,0.630994081497192,1.01022911071777,0.878751993179321,0.922602891921997,0.96251392364502,0.753718852996826,0.869362831115723,1.24269485473633,0.793089866638184,0.842282056808472,0.765539169311523,0.836325168609619,0.546279191970825,1.28576803207397,0.957360029220581,2.70214414596558,1.78052997589111,1.18532800674438,1.20391082763672,1.09954309463501,1.2747631072998,0.871907949447632,0.814459800720215,0.946261882781982,1.05681610107422,0.87582802772522,0.770898818969727,0.674881219863892,0.749226093292236,1.04513907432556,1.19509696960449,1.0343279838562,0.780121088027954,0.814745903015137,0.790007829666138,1.41858386993408,1.16222190856934,1.84668803215027,1.06634712219238,0.812547922134399,0.857222080230713,0.814721822738647,0.681376934051514,0.984380006790161,1.00029301643372,0.775158166885376,0.890947818756104,0.699059963226318,1.13352608680725,1.01656413078308,1.08802008628845,0.764294862747192,1.10851192474365,0.819046020507812,0.774373054504395,1.21926712989807,1.24584698677063,1.24787211418152,1.06085896492004,0.891793966293335,0.69356894493103,2.28887605667114,1.0550229549408,0.684970140457153,0.989042997360229,0.893823862075806,0.966660022735596,2.13878321647644,0.782068014144897,0.66181206703186,0.65904712677002,0.911663055419922,1.7575318813324,1.2883780002594,1.25571393966675,0.792641162872314,0.87134313583374,1.04735803604126,1.45712208747864,1.19218516349792,0.627727031707764,0.918435096740723,1.16117000579834,0.726045846939087,0.69376802444458,0.884818077087402,0.711870908737183,1.2794041633606,0.649312973022461,0.828200101852417,0.70215106010437,0.639718055725098,0.80842399597168,0.835576057434082,0.635208129882812,0.646817922592163,1.34673404693604
0.553428888320923,1.56360006332397,0.72461199760437,0.556453943252563,0.930810928344727,0.594032049179077,0.874258041381836,0.841930150985718,0.866060972213745,0.827994108200073,0.627619981765747,0.951245069503784,0.927761077880859,0.650153160095215,0.89348292350769,1.01020407676697,0.791389226913452,0.784060001373291,1.27678918838501,2.03108811378479,0.561479091644287,0.702430009841919,1.52996492385864,0.965595006942749,0.94027304649353,0.54876708984375,0.882312059402466,0.840703964233398,0.822048902511597,0.900041103363037,0.874138832092285,1.10593700408936,0.894098043441772,0.70491099357605,0.739813089370728,0.666070938110352,0.930140972137451,0.797810077667236,0.797152996063232,0.597033023834229,1.62861609458923,0.742894172668457,0.999657869338989,1.9235668182373,1.31807208061218,0.783714056015015,1.249587059021,0.997073888778687,0.692456960678101,0.675901889801025,0.809531927108765,0.682078838348389,0.744044065475464,0.689509153366089,0.902697801589966,1.24921607971191,0.656479835510254,0.785199880599976,0.750018119812012,0.717818021774292,1.21179986000061,1.20983409881592,1.03324389457703,1.66244697570801,0.857884168624878,1.21288704872131,0.724430084228516,0.826196193695068,1.81059098243713,1.50610303878784,1.50072717666626,1.25610208511353,1.12430500984192,0.809450149536133,1.032231092453,1.04779887199402,0.79573917388916,1.27650690078735,0.930927991867065,2.00729608535767,0.981009006500244,1.33139991760254,0.886323928833008,0.778027057647705,0.980846881866455,0.888406038284302,1.03900599479675,0.873466014862061,0.728415012359619,0.863937854766846,0.777454853057861,0.951734066009521,2.1973249912262,1.45623207092285,0.581588983535767,0.69179892539978,0.921478033065796,1.40086317062378,1.00508189201355,0.931268930435181,0.828744888305664,1.01806902885437,0.865453958511353,1.28403496742249,0.677397012710571,0.768789052963257,0.839998960494995,1.11640596389771,0.632137060165405,0.784857034683228,0.821016073226929,0.764032125473022,0.806116104125977,0.667675018310547,1.21922397613525,0.710658073425293,1.0254111289978,1.24087309837341,0.93956184387207,0.650676012039185,0.895779848098755,0.822219133377075
1.14029121398926,0.774986982345581,0.655021190643311,0.712997913360596,0.759238004684448,0.854909896850586,0.745429992675781,0.606950998306274,0.848551034927368,1.11745500564575,0.875175952911377,1.05575299263,2.0368869304657,0.741925954818726,5.77784299850464,0.654722213745117,0.821197986602783,0.79080605506897,1.08633303642273,1.0045850276947,0.543615102767944,1.18791484832764,0.913027048110962,1.47902488708496,0.77501916885376,0.909388780593872,1.20010495185852,0.913056135177612,0.81818699836731,0.754735946655273,0.809081077575684,0.849813938140869,0.843945980072021,0.791695117950439,0.682484865188599,0.625473976135254,0.857954978942871,0.821179866790771,0.803378105163574,0.747167825698853,1.25629091262817,0.945425987243652,0.855180025100708,1.35102701187134,1.33497786521912,0.709666967391968,0.832671165466309,0.741780042648315,0.71911096572876,0.855353832244873,0.768959045410156,0.720724821090698,0.75139594078064,0.635967016220093,0.956101179122925,2.03846096992493,0.745170116424561,0.962239027023315,0.75068187713623,1.02718901634216,1.45422387123108,1.05558705329895,1.69395995140076,1.04372096061707,1.04326391220093,0.858925104141235,1.15373516082764,0.769416093826294,2.25149202346802,0.756659030914307,1.05390906333923,0.836203098297119,1.02416682243347,1.32673597335815,1.38236308097839,1.26264095306396,0.786145925521851,1.06125998497009,0.741734027862549,0.563249111175537,1.57460498809814,2.00070405006409,1.17721486091614,0.87841796875,1.1554069519043,0.923785924911499,1.23915004730225,0.682248115539551,0.832525014877319,0.900118112564087,1.01012802124023,0.765828132629395,1.92578387260437,0.863592863082886,0.60529899597168,0.551299095153809,0.717053174972534,1.48960208892822,0.968850135803223,1.05669093132019,0.742501020431519,0.850185871124268,0.954006910324097,0.826719999313354,0.658463001251221,0.638421058654785,0.917609930038452,1.93540191650391,0.735459089279175,0.772797822952271,0.850052118301392,0.738158941268921,0.685599088668823,0.737474918365479,1.67918395996094,0.845752000808716,0.785570859909058,1.03572201728821,1.22487592697144,0.632755994796753,1.05800986289978,0.886257886886597
0.909039974212646,1.00036692619324,0.828336954116821,0.676545858383179,0.799479961395264,1.53758811950684,0.945595979690552,0.883434057235718,1.42404508590698,0.730231046676636,0.746541976928711,1.05366086959839,0.759809970855713,0.577795028686523,0.946911096572876,3.42215204238892,1.25561809539795,0.840929985046387,1.04518008232117,1.07107496261597,0.804244995117188,0.598242998123169,0.952500104904175,1.82560396194458,0.837493896484375,0.890536069869995,0.898346900939941,0.722879886627197,1.01467514038086,0.721248865127563,1.06184601783752,0.732535839080811,0.785461902618408,0.792839050292969,1.75583600997925,0.792402982711792,0.84141993522644,0.979934930801392,1.11500191688538,1.10581684112549,1.22882699966431,1.50634908676147,0.793338060379028,0.655674934387207,2.02323985099792,1.30116295814514,0.745616912841797,0.78040599822998,0.704335927963257,0.660858154296875,0.86145806312561,0.783941030502319,0.62116003036499,0.572407007217407,1.07520484924316,0.869289875030518,0.685407876968384,0.841810941696167,0.772640943527222,1.57009410858154,0.899806976318359,1.08680891990662,1.47197318077087,1.71555399894714,0.851768970489502,0.963243007659912,1.18696618080139,0.499413967132568,1.46509099006653,0.955706834793091,1.43850612640381,0.665896892547607,0.939957857131958,0.686373949050903,1.58253502845764,1.25189805030823,0.73949122428894,1.69264698028564,2.14825391769409,0.543889999389648,1.50678491592407,0.896136999130249,1.15253591537476,0.968025922775269,0.883051156997681,0.53412389755249,5.07165503501892,0.768948078155518,0.831061840057373,0.701159000396729,1.07896995544434,1.18732190132141,6.72058391571045,3.88076281547546,1.10682988166809,0.47737979888916,1.25206089019775,1.24991798400879,1.67599606513977,1.11457705497742,0.689041137695312,0.738574981689453,0.875036954879761,1.32137179374695,0.734103202819824,0.693652868270874,1.0007860660553,1.17887902259827,0.855062007904053,0.563668012619019,0.861427068710327,0.819576025009155,0.694231033325195,0.489521980285645,0.925992965698242,0.621768951416016,1.16956806182861,1.8878960609436,0.805824995040894,0.814992904663086,0.728530883789062,1.51614904403687
0.753086090087891,1.02916502952576,0.700659036636353,0.548185110092163,1.00826501846313,0.945981025695801,0.958878993988037,0.693196058273315,0.831436157226562,0.680392980575562,0.704632997512817,0.730396032333374,0.611255884170532,0.58179497718811,0.761143207550049,0.734109878540039,1.29698801040649,0.636935949325562,0.814995050430298,0.82709002494812,0.515377998352051,0.494121074676514,0.827602863311768,1.43972682952881,0.73412299156189,0.660769939422607,0.834233045578003,0.744866132736206,0.724378108978271,0.720361948013306,0.834939002990723,0.851310968399048,0.811102867126465,0.92928409576416,0.719822883605957,0.62211799621582,0.690701961517334,0.907943964004517,0.893157958984375,1.09169387817383,0.895979166030884,1.0588231086731,0.765097856521606,0.716236114501953,0.812911033630371,1.47455716133118,0.884656190872192,1.00262594223022,0.765092134475708,0.660099029541016,1.03581190109253,0.750542879104614,0.787246942520142,0.836647987365723,1.07450890541077,0.85615086555481,0.658034086227417,0.742877960205078,0.842763900756836,0.927051782608032,1.26306295394897,0.887449979782104,0.819333076477051,1.66050696372986,0.869416952133179,0.921680927276611,0.717782974243164,0.878161907196045,0.888931035995483,0.883250951766968,1.56682205200195,1.45680284500122,0.759190082550049,0.817276954650879,1.63942885398865,0.945034027099609,0.892729043960571,0.761615991592407,1.26795315742493,0.531794786453247,0.817264080047607,1.40338206291199,1.00246500968933,0.884745836257935,1.18365907669067,0.730095148086548,1.23058795928955,0.801722049713135,0.681848049163818,0.863245010375977,0.965420961380005,0.878183126449585,1.33254408836365,1.59956002235413,0.756973028182983,0.572854995727539,1.2615020275116,1.04726791381836,1.01130700111389,1.2881920337677,0.865078210830688,0.686798095703125,1.0234489440918,1.28997611999512,0.670341968536377,0.842274188995361,0.837459802627563,1.08629179000854,0.751548051834106,0.760396957397461,0.859731197357178,0.621933937072754,0.6131911277771,0.670807123184204,0.841835021972656,0.738616943359375,1.05897188186646,1.00313496589661,0.880549907684326,0.691020011901855,0.782835006713867,1.33801317214966
0.992552042007446,0.871901988983154,0.610188007354736,0.724581956863403,0.754688024520874,0.689388990402222,0.803763151168823,0.941967010498047,1.10613799095154,0.742246866226196,1.20308804512024,1.04625082015991,0.536864995956421,0.538701057434082,0.768151044845581,0.720482110977173,0.784621953964233,0.784416198730469,0.720802068710327,0.897997140884399,0.622344017028809,0.576292991638184,0.907392978668213,0.953858137130737,0.687525033950806,0.727926015853882,1.02829599380493,0.994934797286987,1.4705810546875,0.861600160598755,0.936662912368774,0.856783151626587,0.905642032623291,0.625214099884033,0.754570960998535,0.818212985992432,0.792538166046143,0.621651172637939,0.578977823257446,0.774164199829102,1.53637099266052,0.543032169342041,0.670825958251953,0.934623003005981,1.19279789924622,1.17963290214539,0.809219121932983,1.19230389595032,0.972267150878906,0.811272144317627,0.853051900863647,0.688683032989502,0.79466700553894,0.784559965133667,2.1852400302887,0.84325098991394,0.692272901535034,0.888324022293091,0.843707084655762,1.68064522743225,0.961645841598511,1.23904895782471,1.19385099411011,1.0267059803009,1.00466585159302,1.10918092727661,1.17876076698303,0.842023849487305,0.880331039428711,0.681483030319214,1.93760108947754,0.895886182785034,1.0660080909729,0.741143226623535,0.850285053253174,0.978559017181396,1.04706406593323,0.867058038711548,0.994477987289429,0.757394075393677,0.735535144805908,0.92731785774231,0.882260799407959,1.10580587387085,1.02930903434753,1.30692601203918,1.87760496139526,1.46315002441406,0.617598056793213,1.01256513595581,0.848798990249634,0.784584999084473,1.7369909286499,1.65985012054443,0.757324934005737,0.571672201156616,0.950668096542358,2.31366086006165,0.957903146743774,0.731016874313354,0.65863299369812,0.728511095046997,0.938822031021118,1.34451007843018,0.738178014755249,0.764899969100952,0.75762414932251,0.83381199836731,0.708364009857178,0.656697988510132,1.22091579437256,0.801218032836914,0.544651985168457,0.63572883605957,1.10537505149841,1.06215286254883,0.891257047653198,1.24520802497864,0.654064893722534,0.72819709777832,0.72490406036377,1.0786280632019
0.757627010345459,0.93234920501709,0.553559064865112,0.69682502746582,0.942518949508667,0.535461187362671,0.814932107925415,1.43137693405151,0.981722116470337,0.778754949569702,0.807905912399292,0.955626010894775,0.67844295501709,0.727805852890015,1.15187501907349,0.833892107009888,0.738107919692993,0.625232219696045,0.940954923629761,1.81454300880432,0.785778999328613,0.658721923828125,0.867483139038086,0.916589975357056,0.725322961807251,0.777314901351929,1.37179493904114,0.787784814834595,1.16877293586731,0.973042011260986,1.0534679889679,0.783910989761353,0.858086109161377,0.813898086547852,0.705475091934204,0.647157907485962,1.94416308403015,0.900392055511475,0.802657127380371,0.928231000900269,0.84107494354248,1.0173978805542,0.712277889251709,1.33870410919189,1.52029204368591,1.22886109352112,0.695086002349854,1.03787398338318,0.919558048248291,0.829926013946533,0.739660024642944,0.852199077606201,0.699852228164673,0.573139905929565,1.26761507987976,0.936386108398438,0.952744007110596,0.849008798599243,0.80575704574585,1.07898998260498,0.857424974441528,1.11250805854797,1.1122031211853,1.39107704162598,0.7413330078125,0.793077945709229,0.616196155548096,0.882251977920532,1.27581381797791,1.70557808876038,1.62510013580322,0.959560871124268,0.838569164276123,0.950065135955811,2.60462808609009,0.683733940124512,1.32612895965576,1.30377912521362,0.67759895324707,0.618427991867065,1.46574211120605,0.977171182632446,1.21054196357727,0.926226854324341,1.56360697746277,1.51761984825134,1.28475999832153,0.893791913986206,0.579832792282104,0.969137907028198,0.698089838027954,1.41815996170044,1.81395602226257,0.852869987487793,0.75770902633667,0.591454982757568,1.87533807754517,0.672949075698853,0.939273834228516,1.29776000976562,0.892650842666626,1.96941995620728,1.01911687850952,1.18008303642273,0.667964935302734,0.601047039031982,1.58361911773682,0.976642847061157,0.715430974960327,0.610270977020264,1.34377098083496,0.700975894927979,0.654801845550537,0.660861968994141,1.74372291564941,2.15984916687012,0.770089149475098,1.76460218429565,0.705763816833496,0.57321310043335,0.788354158401489,0.998316049575806
0.822812080383301,0.791105031967163,0.676423788070679,0.909601926803589,1.14631199836731,1.12026190757751,0.762372970581055,0.747564077377319,0.808578014373779,0.751384973526001,0.803704977035522,0.949104070663452,0.690830945968628,0.705890893936157,0.731487989425659,0.828732967376709,0.954941034317017,0.772694110870361,1.03317785263062,0.96586012840271,0.708266019821167,0.724831104278564,0.792533874511719,0.884557008743286,1.41771697998047,0.563150882720947,0.881393909454346,0.773393869400024,0.981854915618896,0.83415699005127,0.896885871887207,0.846909999847412,0.918478965759277,0.660316944122314,1.2019670009613,0.65708589553833,0.758737087249756,1.273521900177,0.967021942138672,0.692182064056396,1.1351010799408,0.947661876678467,0.6680748462677,1.08502697944641,2.03690099716187,1.35517883300781,1.25754284858704,0.83850884437561,0.708169937133789,0.727134943008423,0.850775957107544,0.712830066680908,0.527700901031494,0.70306396484375,0.958514928817749,1.65174293518066,0.995558977127075,0.797755002975464,0.882009983062744,2.56561708450317,1.66459703445435,1.20467782020569,1.20680999755859,1.15179491043091,0.947911024093628,0.625640153884888,0.81615686416626,0.640767812728882,0.935693979263306,0.763571977615356,1.36023783683777,0.715479135513306,0.813184022903442,0.657346963882446,1.05236101150513,1.0338499546051,0.705363988876343,0.751443862915039,0.632926940917969,0.620100975036621,1.09926795959473,0.96033501625061,1.06637501716614,0.899068832397461,1.07773780822754,1.34143400192261,1.15087699890137,1.09107995033264,0.582332849502563,0.747334003448486,1.09254598617554,0.769161939620972,0.816824913024902,0.885498046875,0.842180967330933,0.482023000717163,0.913991928100586,0.930084943771362,0.764772176742554,0.617158889770508,0.979290962219238,0.859007835388184,1.00844407081604,1.15812587738037,0.794050931930542,0.63315486907959,1.11906099319458,1.70477390289307,0.724164009094238,0.688055992126465,0.758339166641235,0.735162973403931,0.71999716758728,0.631792068481445,0.718954086303711,0.859880924224854,0.86346697807312,1.13229298591614,0.756940841674805,0.637979984283447,0.694005966186523,1.93991804122925
0.59428882598877,1.04527807235718,0.815516948699951,0.682982921600342,0.786792993545532,0.587012052536011,0.623796224594116,1.47105097770691,1.08203816413879,0.699717044830322,0.921412944793701,0.800148010253906,0.73858904838562,0.742024898529053,0.980073928833008,0.79425311088562,0.885999917984009,0.729182004928589,0.803761959075928,1.1721031665802,0.678964138031006,0.727041959762573,0.902623891830444,0.849508047103882,0.654929161071777,0.659274816513062,1.09917998313904,1.34940099716187,0.820996046066284,1.90450119972229,0.764997005462646,0.949489116668701,0.680340051651001,0.585411071777344,0.915098905563354,0.596320867538452,0.761679887771606,1.04314589500427,0.897099018096924,1.23547601699829,0.865944147109985,0.80938196182251,0.805890083312988,0.946790933609009,1.62056708335876,0.886311054229736,1.13832187652588,1.04111099243164,1.07656216621399,0.92926812171936,1.08891677856445,1.17001891136169,0.746790885925293,0.581118106842041,1.26383304595947,1.22149205207825,0.914036989212036,0.849289178848267,0.822419166564941,1.12806510925293,1.10365700721741,1.02819681167603,1.49442410469055,1.54932188987732,0.912899017333984,0.667279005050659,0.633501052856445,0.845384836196899,0.77153491973877,1.14321804046631,1.14785194396973,0.847699165344238,0.980247020721436,0.681271076202393,1.51660203933716,1.37893795967102,0.832735061645508,1.0268280506134,0.808838844299316,0.747035026550293,0.807131052017212,1.29407405853271,1.00227403640747,0.860644102096558,1.31976699829102,1.36006307601929,0.784393787384033,1.03213906288147,1.35997700691223,0.543323993682861,0.729323863983154,0.812191009521484,0.642076015472412,3.73669409751892,0.786673069000244,0.697369813919067,0.911356925964355,1.5777690410614,0.829936981201172,0.805010080337524,1.31323409080505,0.759982824325562,1.34526491165161,1.90764403343201,0.722509860992432,0.851273059844971,0.720592975616455,0.939167022705078,0.681430816650391,0.502795219421387,0.719846963882446,0.666449069976807,1.21712207794189,0.636086940765381,1.0149929523468,0.99694299697876,0.774423122406006,0.65960693359375,0.757001876831055,0.710983991622925,1.03331398963928,1.12256598472595
0.870094776153564,1.03248596191406,0.745687007904053,0.735732078552246,0.575869083404541,1.4095139503479,0.932263851165771,0.782465219497681,1.37644386291504,0.738962173461914,1.1289439201355,1.17264103889465,0.764664888381958,0.950169086456299,0.927222967147827,1.08352994918823,0.689840078353882,1.27396392822266,0.635221004486084,0.876549005508423,1.13531017303467,0.724506855010986,0.709779977798462,1.32957792282104,0.681269884109497,0.634582042694092,1.06737494468689,0.639141082763672,0.91274881362915,0.60484790802002,0.933523893356323,1.02117109298706,0.790356159210205,0.780084133148193,0.776966094970703,0.748610019683838,0.672510862350464,0.571249008178711,0.791528940200806,0.798497200012207,1.43599700927734,0.849910974502563,1.18369197845459,1.01433110237122,1.02674102783203,1.94367408752441,0.854757070541382,1.02944302558899,0.685724973678589,0.778355121612549,0.807029962539673,0.798466205596924,0.636744022369385,0.655925035476685,0.964612007141113,1.06412816047668,1.09945797920227,0.795432090759277,0.862498044967651,1.17367100715637,1.18992781639099,0.974984169006348,1.0872700214386,0.923235177993774,0.743430137634277,1.11101698875427,0.69015908241272,0.78696608543396,1.51049995422363,0.743027925491333,1.3328959941864,2.49486112594604,0.826323986053467,0.712033033370972,0.911697149276733,1.01943707466125,2.7882239818573,0.679849863052368,0.659487962722778,0.632415056228638,1.89215803146362,1.10144209861755,0.857630014419556,1.10736799240112,1.60725617408752,0.774296045303345,0.838653087615967,0.769965171813965,2.46065092086792,0.714555025100708,0.774015188217163,1.12154006958008,0.136353969573975,0.930207014083862,0.561113119125366,0.854007005691528,0.990848064422607,1.62128686904907,1.18006300926208,0.919220924377441,1.3269829750061,0.81876015663147,0.965011119842529,1.48727679252625,0.707548856735229,0.546661853790283,1.23362803459167,1.27392816543579,0.586174011230469,0.693527936935425,0.782054901123047,0.779761075973511,0.749277830123901,1.40402722358704,1.21119999885559,1.01725602149963,0.91015100479126,0.893723011016846,1.03989315032959,0.66899299621582,0.741582870483398,0.707233905792236
0.741210222244263,0.891143083572388,0.737409114837646,0.822494029998779,0.647098064422607,0.695978164672852,0.789981126785278,0.868911027908325,1.2650899887085,0.727646112442017,1.47108387947083,0.780802965164185,0.812112092971802,0.867887020111084,0.73323392868042,0.902781009674072,0.875896215438843,0.765782117843628,0.652354955673218,0.730979919433594,0.588809013366699,0.791603088378906,1.07715201377869,0.856521129608154,0.704629182815552,0.660876989364624,0.834095001220703,0.69277286529541,0.931257963180542,0.883184909820557,0.755024909973145,1.00461912155151,0.91585898399353,0.86750602722168,0.791308879852295,0.498613119125366,0.802155017852783,0.668545007705688,1.12920117378235,0.802284955978394,1.03132891654968,0.803077936172485,1.02110695838928,1.32794785499573,2.14426898956299,1.00989508628845,0.850393056869507,0.714359045028687,1.26562094688416,1.28815603256226,1.17206621170044,0.830032825469971,0.696017980575562,0.654579162597656,0.801728010177612,1.24235010147095,0.855690002441406,0.649394989013672,1.46380496025085,1.11206603050232,2.23574304580688,0.96569299697876,1.54078388214111,1.32243895530701,0.843994140625,0.963624000549316,0.829348087310791,0.670598983764648,1.05003309249878,0.714709043502808,2.4204261302948,0.760903120040894,0.764281988143921,1.07690405845642,2.62133312225342,1.14206004142761,1.11160588264465,1.07380890846252,0.842456817626953,0.705641031265259,0.934907197952271,1.15232491493225,0.978212118148804,0.985205173492432,0.852771043777466,0.752197027206421,0.746449947357178,0.909423112869263,1.05003499984741,0.742547988891602,0.817225933074951,1.01712489128113,0.897234916687012,0.716345071792603,0.65873908996582,0.594425916671753,0.958931922912598,1.47957491874695,0.989091873168945,1.52902221679688,0.901001930236816,1.20186114311218,0.883692979812622,1.00116109848022,0.71198296546936,0.688663005828857,1.4402129650116,1.66184401512146,0.57732892036438,0.803323984146118,0.702841997146606,0.818310976028442,0.720539093017578,0.512529850006104,1.57931089401245,1.68862700462341,1.07174110412598,1.36967706680298,1.0416522026062,0.574187994003296,0.814079999923706,1.37687492370605
1.03243017196655,1.18155694007874,0.697198152542114,0.701017141342163,0.807229995727539,0.967779874801636,0.690581798553467,0.992001056671143,1.68904495239258,0.755800008773804,0.864582777023315,0.740124940872192,1.93662405014038,0.636998176574707,0.826128005981445,0.868358850479126,0.896052122116089,0.928555011749268,0.63946795463562,1.0454740524292,0.559015035629272,0.626065015792847,1.17036008834839,0.727176904678345,0.716588020324707,0.717802047729492,1.2016019821167,1.28504586219788,0.856717824935913,1.48424220085144,0.816444158554077,0.775990009307861,0.905230045318604,0.991564035415649,0.776299953460693,0.629409074783325,0.707392930984497,0.790189981460571,0.803297996520996,1.42813611030579,0.87794303894043,0.864485025405884,0.852461099624634,1.07119393348694,1.30042195320129,2.75850582122803,1.4244818687439,0.809963941574097,0.730573892593384,0.859808921813965,1.54737591743469,0.648816823959351,0.804404020309448,0.678757905960083,0.936907052993774,1.46439099311829,0.694096088409424,0.745782852172852,0.636265993118286,0.967490911483765,1.14125800132751,1.07612609863281,1.09934306144714,0.87824010848999,2.10195302963257,1.12947010993958,0.858443975448608,0.768121957778931,0.924299955368042,2.42621302604675,1.35288882255554,0.734331130981445,1.18181395530701,0.780776023864746,1.04335808753967,1.06103110313416,1.32400989532471,0.668823957443237,0.949466943740845,0.71529483795166,2.13671588897705,1.21909785270691,0.881537914276123,0.971885919570923,1.32028412818909,0.694461107254028,1.08559894561768,0.667649984359741,1.15226602554321,0.511360883712769,0.95064902305603,0.789044857025146,1.388347864151,0.903429985046387,0.716673135757446,0.545853853225708,1.54652380943298,0.905599117279053,1.1021420955658,2.10262584686279,0.869400024414062,0.949026107788086,1.04546284675598,1.04260587692261,0.753820896148682,0.658294916152954,1.09374189376831,1.37163519859314,0.598590135574341,0.64850902557373,0.813360929489136,0.601197957992554,0.704082012176514,0.589999914169312,0.808824777603149,0.905468940734863,1.20901584625244,1.1588180065155,1.48163294792175,0.646819114685059,0.899609804153442,1.15765309333801
1.10878705978394,0.935312032699585,0.682003021240234,0.848839044570923,0.735099077224731,0.775454998016357,1.12897896766663,0.659518957138062,1.03703117370605,0.708508968353271,2.44566106796265,0.887386083602905,0.681115865707397,0.705144882202148,0.743215084075928,0.743001937866211,0.743149995803833,0.958687782287598,0.904236078262329,1.16725587844849,0.602257013320923,0.708441972732544,0.900132894515991,1.69265294075012,0.787091970443726,0.914337873458862,1.06765604019165,0.614727973937988,1.62512683868408,0.814447164535522,0.842187166213989,0.845896005630493,0.982101917266846,0.843575954437256,0.692819833755493,0.677809000015259,0.971779108047485,1.37218880653381,0.773176908493042,1.22993302345276,0.897309064865112,0.790916919708252,1.00561094284058,0.730697154998779,1.0848548412323,1.03069806098938,0.896462202072144,0.742504119873047,1.41725587844849,0.842200040817261,0.706557989120483,0.677851915359497,0.715524911880493,0.738008975982666,1.77113890647888,0.860181093215942,0.95914101600647,0.611471891403198,0.796136856079102,1.95247602462769,1.81420993804932,0.815298080444336,0.935651063919067,1.57844805717468,1.23251605033875,1.09793496131897,1.00017094612122,0.79451322555542,0.866938829421997,0.940712928771973,1.32278394699097,0.806989908218384,0.830631017684937,0.832783937454224,1.57656621932983,2.8776581287384,0.96719217300415,0.766236066818237,0.616136074066162,0.953834056854248,0.900886058807373,1.76090216636658,0.760545969009399,1.02705693244934,2.49205684661865,1.25100088119507,1.19161510467529,0.795377016067505,0.757896184921265,0.884490966796875,0.751451015472412,1.003986120224,2.05133080482483,5.40886306762695,0.662153005599976,0.635006904602051,1.56972885131836,0.882413864135742,0.965697050094604,1.77807307243347,0.77717399597168,0.873203039169312,1.21479892730713,1.25205183029175,1.52263808250427,1.09915089607239,1.23036909103394,0.774334192276001,0.655405044555664,0.575931072235107,0.890452861785889,0.642136096954346,0.668493032455444,0.631669998168945,0.843055009841919,0.920145034790039,0.845408916473389,0.92411994934082,1.29041194915771,0.632323026657104,0.896331071853638,1.13303399085999
2.2131290435791,0.811940908432007,0.709699869155884,0.606826782226562,1.07616806030273,0.587579965591431,0.77109694480896,0.800507068634033,0.83404803276062,1.40767288208008,0.887657880783081,0.770419120788574,1.27703881263733,0.993076801300049,2.11948394775391,1.00904488563538,1.11448192596436,1.15091300010681,0.816261053085327,0.797922849655151,0.567998886108398,0.68999195098877,1.01861214637756,0.638139009475708,0.977396965026855,0.972704887390137,0.892627000808716,0.839277029037476,0.922451019287109,1.15083694458008,0.773513078689575,0.829501867294312,1.73342394828796,0.776134967803955,1.12020206451416,0.680952072143555,0.714983940124512,0.845442056655884,1.10558795928955,2.28324913978577,0.930184125900269,0.782888889312744,0.738605976104736,0.912079811096191,1.49186706542969,1.2564160823822,1.15470719337463,0.950950860977173,0.913479804992676,0.807797193527222,1.0526020526886,0.942229032516479,0.667515993118286,0.741239070892334,1.15234208106995,1.59714102745056,1.10981917381287,1.1049690246582,0.7103590965271,1.1968150138855,1.15474104881287,1.03479790687561,1.12205100059509,1.49355912208557,0.767285108566284,1.36660480499268,1.15286803245544,1.15107393264771,1.59894990921021,0.875549077987671,2.21648097038269,3.02309799194336,2.74071097373962,0.772828102111816,1.73180413246155,1.40564179420471,1.01399993896484,0.836961030960083,0.857444047927856,0.723717927932739,0.939104080200195,1.802983045578,1.19861102104187,1.19893002510071,1.155601978302,1.00730895996094,0.779633045196533,1.03515315055847,1.21206402778625,1.07482290267944,1.4284029006958,0.994136810302734,1.06029987335205,0.692527055740356,0.860182046890259,0.776948928833008,1.41744899749756,1.23184704780579,0.929955005645752,0.909492969512939,1.05397200584412,0.630428075790405,1.45881581306458,1.0488338470459,0.610459089279175,0.732733964920044,1.19044589996338,1.23576903343201,0.584473133087158,1.01893186569214,3.16704797744751,0.656026840209961,0.733824014663696,1.05086803436279,0.864406108856201,1.78952217102051,0.99821400642395,0.773530006408691,1.69684386253357,0.934126853942871,1.05224084854126,0.803467988967896
1.18266296386719,0.628407955169678,0.765850067138672,0.715847969055176,1.09456491470337,0.67286205291748,1.18441200256348,0.934879064559937,1.22530508041382,0.880451917648315,0.758048057556152,0.892225027084351,0.766942024230957,0.788190126419067,1.39842319488525,0.779719114303589,0.735919952392578,0.748466014862061,0.788400173187256,0.752159118652344,0.746519088745117,0.521389007568359,0.853982925415039,0.796061992645264,0.836847066879272,1.35329508781433,0.794450044631958,1.1628201007843,1.0029399394989,1.24299311637878,0.761697769165039,0.625073909759521,1.51972413063049,0.841256856918335,1.40981197357178,0.647849082946777,1.01031804084778,0.71011209487915,0.822145938873291,1.57997989654541,0.738599061965942,0.682111978530884,0.72281813621521,0.890497922897339,1.39324593544006,1.13990712165833,1.08071398735046,0.782157897949219,0.728785991668701,0.841495037078857,0.813606977462769,1.01482796669006,0.781734943389893,0.700755834579468,0.974108934402466,0.94208288192749,1.55576586723328,0.943048000335693,0.954586029052734,0.954834938049316,3.24445509910583,1.04721999168396,0.889808893203735,0.891373872756958,0.955440044403076,0.909786939620972,0.891756057739258,0.704219102859497,3.0797700881958,1.01011204719543,2.19039487838745,1.31236386299133,0.988099098205566,0.842331886291504,1.47395420074463,1.32186603546143,1.0451078414917,0.723493099212646,0.758899927139282,0.69607400894165,0.762953042984009,2.6123411655426,1.71427488327026,0.805257081985474,2.03330302238464,0.938981056213379,4.78873896598816,0.666467189788818,0.997881174087524,0.78741192817688,0.914721012115479,1.18053197860718,0.809509038925171,0.846322059631348,0.618436098098755,0.561108112335205,0.846942901611328,0.738940000534058,1.07717394828796,0.643553972244263,0.910696029663086,0.773965835571289,0.801650047302246,1.19496083259583,0.655026197433472,0.827210903167725,0.832331895828247,1.15506601333618,0.510634899139404,0.724242925643921,1.16406488418579,0.678319931030273,0.874501943588257,0.767441034317017,1.2154598236084,1.21149802207947,1.92079305648804,0.695441007614136,1.05549788475037,0.932305812835693,0.990109920501709,0.926507949829102
2.14048981666565,0.861144065856934,0.606369972229004,0.607563972473145,0.777848958969116,0.640722990036011,0.562617778778076,0.729256153106689,1.02922511100769,1.01341795921326,0.702852964401245,0.77183198928833,0.988707065582275,0.788931846618652,0.785477876663208,0.59802508354187,0.725343942642212,0.854566097259521,0.745436906814575,0.820521116256714,0.824515104293823,0.739532947540283,1.53595495223999,0.674925088882446,0.768824815750122,0.752427101135254,0.750484943389893,0.696094036102295,0.993618011474609,1.34782791137695,0.944015979766846,0.606368064880371,0.803114891052246,0.615032911300659,1.41395092010498,0.612660884857178,0.702869176864624,0.876571893692017,1.08286309242249,1.03076004981995,1.36128091812134,1.14997601509094,0.773119926452637,0.856627941131592,0.868531942367554,1.20653581619263,1.12285113334656,0.758940935134888,0.593630075454712,0.532771825790405,0.847912073135376,1.09249305725098,0.729688882827759,0.671880960464478,0.746701002120972,0.844631910324097,0.864920854568481,0.691843032836914,1.09336304664612,1.3814709186554,1.3100380897522,0.986303806304932,0.957234144210815,0.780273914337158,1.14736914634705,0.816835880279541,1.15807104110718,0.706939935684204,2.56828904151917,0.69328784942627,0.848617076873779,1.39330697059631,1.46381402015686,0.762854099273682,1.32885909080505,1.49178600311279,0.794699192047119,0.794747114181519,0.646075963973999,0.652535915374756,0.66769814491272,1.92346405982971,1.04347109794617,0.866673946380615,1.17983603477478,0.723958969116211,1.42646503448486,1.01697993278503,0.975640058517456,0.747070074081421,0.890379905700684,0.838380098342896,0.952309131622314,1.03639101982117,0.696175813674927,1.05251288414001,0.754333972930908,0.795534133911133,0.884443044662476,1.36265397071838,0.94930100440979,0.697646856307983,1.14948296546936,0.837184906005859,0.678478956222534,0.786887884140015,1.37729382514954,0.835716962814331,0.628214120864868,0.446736097335815,1.05841398239136,0.741867065429688,0.664045095443726,0.654044151306152,0.998447895050049,0.591602087020874,0.767252922058105,0.791882038116455,1.56496810913086,1.170982837677,0.901807069778442,0.731898069381714
1.27895903587341,0.843041896820068,0.834406852722168,0.662631034851074,0.712125062942505,0.744623184204102,1.33939290046692,1.0108380317688,0.903375148773193,0.89618706703186,0.748696088790894,0.645766973495483,1.13881301879883,0.903342008590698,1.07120704650879,0.615042924880981,0.837869167327881,1.31666898727417,1.04887795448303,0.854369878768921,0.776969909667969,0.678914070129395,1.53322887420654,1.06919097900391,0.793363094329834,0.817562103271484,0.887657165527344,1.06766796112061,1.23482704162598,1.3689591884613,0.838488101959229,0.705749034881592,0.900460958480835,0.618874788284302,0.929338932037354,0.777447938919067,0.628188848495483,0.934032917022705,0.970618009567261,0.956611156463623,0.857819080352783,1.70825719833374,0.751019954681396,0.748303890228271,0.717604875564575,0.748018026351929,1.07173109054565,0.875070810317993,0.634850978851318,0.544387817382812,0.550029993057251,0.649827003479004,0.766113042831421,0.625761032104492,0.986925840377808,0.878163814544678,0.604910135269165,0.817550897598267,1.21258282661438,1.37540507316589,2.51530694961548,1.34718298912048,0.971521139144897,0.873400926589966,0.987875938415527,1.03023815155029,0.787873983383179,0.69806694984436,2.44765377044678,0.812397003173828,1.32607507705688,1.13695001602173,1.47332692146301,1.05336594581604,1.2617449760437,1.38999795913696,1.69357299804688,0.998179197311401,0.678722143173218,0.683973073959351,0.611852884292603,1.23667788505554,1.05463480949402,0.889938116073608,1.1232168674469,1.75492811203003,1.03517580032349,1.46506094932556,0.846714973449707,0.590054035186768,0.982301235198975,1.04076290130615,0.699996948242188,2.17434406280518,0.591251134872437,0.759381055831909,0.947284936904907,0.773833990097046,0.735416889190674,0.906085014343262,0.630971908569336,0.737277984619141,1.0470118522644,0.796804904937744,0.541071891784668,0.58256721496582,1.24902200698853,0.886945009231567,0.659569978713989,0.494055986404419,0.792824029922485,0.640969038009644,0.605707168579102,0.650407075881958,0.844008922576904,0.786572217941284,2.09340906143188,0.686185836791992,1.16358590126038,2.75140404701233,0.937373876571655,0.90936803817749
0.599974870681763,1.33468198776245,0.819588184356689,0.9075608253479,0.679162979125977,0.631584882736206,1.71809196472168,0.678981065750122,2.8218731880188,0.816799879074097,0.910260915756226,0.775941848754883,0.998360872268677,0.664910078048706,0.811079025268555,1.57385301589966,1.05367612838745,1.19883894920349,0.73586106300354,0.90717601776123,0.758340120315552,0.714524030685425,0.679419994354248,0.705425977706909,0.661429882049561,0.753946781158447,0.631097078323364,0.865122079849243,1.03526496887207,0.877806901931763,0.920023918151855,0.87584400177002,0.967134952545166,0.74177098274231,0.988880157470703,0.717571973800659,0.959437131881714,0.640334129333496,1.15235185623169,0.873114109039307,1.0116229057312,3.69441294670105,0.684280157089233,0.868525981903076,0.690757989883423,1.33306097984314,1.04192996025085,1.21643495559692,0.879985809326172,1.0995819568634,1.02345705032349,1.64752101898193,0.577871084213257,1.10374999046326,2.56702208518982,0.921432018280029,1.27933311462402,1.64390301704407,1.32305216789246,1.45972204208374,1.35546398162842,0.755211114883423,1.1450879573822,0.964303970336914,0.983247041702271,1.48254799842834,0.862136840820312,0.708846092224121,1.35462117195129,0.922332048416138,1.25799202919006,1.05198502540588,1.14786601066589,1.41603302955627,2.45298504829407,2.84785795211792,1.46391010284424,0.878397941589355,1.04754686355591,0.671356916427612,0.912697076797485,1.4614589214325,0.923882961273193,0.953160047531128,0.910285949707031,1.88647985458374,0.826563119888306,2.22312593460083,1.26499104499817,1.09409880638123,1.1592710018158,1.13315796852112,1.11456298828125,0.745018005371094,0.610450983047485,1.30271697044373,1.48796415328979,0.755728960037231,0.893333196640015,0.63677191734314,0.817873954772949,0.530937910079956,0.821048021316528,1.1789710521698,1.11682486534119,0.568681955337524,0.737467765808105,0.947535991668701,0.714312076568604,1.65104794502258,0.959634780883789,0.818556070327759,0.785125970840454,1.05107712745667,3.39271092414856,1.11065602302551,1.66394400596619,0.791888952255249,1.36107397079468,1.86967492103577,0.86525297164917,0.8627769947052
1.06297588348389,0.808592081069946,0.753907918930054,0.705246925354004,1.5147979259491,0.630210161209106,1.07820510864258,0.760799884796143,1.18113613128662,0.639973163604736,0.68376612663269,1.12397694587708,1.13069295883179,0.730036973953247,1.39962887763977,0.621686935424805,0.717968940734863,0.759283065795898,0.777268886566162,0.588422060012817,0.604609966278076,0.646650791168213,1.01523184776306,1.42652893066406,0.77524209022522,0.655280113220215,0.733318090438843,0.624843120574951,0.675886154174805,0.842626094818115,0.778544187545776,0.773561000823975,0.929569959640503,1.17891812324524,0.990962028503418,0.929798126220703,0.824760913848877,0.680609941482544,0.693382024765015,0.764886140823364,0.887691020965576,0.918197154998779,0.709882020950317,0.732571840286255,0.77410101890564,1.34469699859619,1.01864099502563,1.10008001327515,0.738955974578857,1.25707101821899,0.705267190933228,1.51375579833984,0.729478120803833,0.666775941848755,0.807981014251709,1.28758001327515,1.00846791267395,1.0636579990387,1.40067291259766,0.855772018432617,0.937051057815552,0.0228888988494873,0.888844966888428,0.811201810836792,1.38424301147461,1.18028688430786,0.811237096786499,0.876408815383911,1.16958999633789,1.97049403190613,0.942924022674561,1.66506791114807,1.10184192657471,0.641933917999268,1.41316795349121,1.12228298187256,1.01457095146179,1.17165899276733,0.975934028625488,0.704927921295166,1.24389600753784,1.01390910148621,0.856509923934937,0.88684606552124,1.1575129032135,1.12029004096985,0.74633002281189,4.14079880714417,0.755928039550781,1.26075291633606,1.11458992958069,1.05133700370789,0.854070901870728,4.4071319103241,0.894345998764038,0.709666967391968,1.33519887924194,0.619327783584595,0.796194076538086,0.591323137283325,1.06962895393372,0.753729104995728,0.733872890472412,0.906821012496948,0.703009128570557,0.643025875091553,1.36620187759399,0.985692977905273,0.707428932189941,0.834901094436646,1.03497290611267,0.710103988647461,0.658796072006226,0.546789884567261,0.733721017837524,1.27572512626648,2.02356481552124,0.876605033874512,1.07733392715454,0.719342947006226,0.808984994888306,0.732736825942993
2.01319813728333,0.765226125717163,0.756633043289185,0.577474117279053,1.09796380996704,1.01961398124695,0.783338069915771,1.11920094490051,0.823230028152466,0.839812994003296,0.969567060470581,0.658953905105591,1.72027683258057,1.07578921318054,0.873667001724243,0.693435907363892,0.7554931640625,1.15981793403625,0.882320165634155,0.738713979721069,0.702013969421387,0.726294994354248,1.01411604881287,1.55889916419983,1.14840888977051,0.766278982162476,1.26094388961792,0.773962020874023,0.907528877258301,0.953689098358154,0.783328056335449,0.765383958816528,0.958871841430664,0.747298955917358,0.98649001121521,0.737751960754395,1.23688983917236,0.750240087509155,1.15496897697449,0.942640066146851,0.664748191833496,1.69743084907532,0.682002782821655,0.950844049453735,0.76779317855835,1.81760001182556,1.0515239238739,0.830631971359253,0.576020002365112,0.742735862731934,0.761656045913696,0.937072038650513,0.700464963912964,0.630894899368286,0.956297159194946,1.84200716018677,0.778067111968994,1.09336304664612,0.878752946853638,0.784069061279297,0.96399998664856,1.11581993103027,0.800829887390137,0.815319061279297,0.879019975662231,0.889323949813843,1.13917207717896,0.726239919662476,1.38155603408813,1.00276613235474,0.980475902557373,0.775403022766113,1.02622103691101,0.569653034210205,2.35235595703125,1.51838898658752,1.38630795478821,0.866208076477051,1.05873990058899,0.828860998153687,1.96477890014648,1.14999198913574,0.984910011291504,1.02013301849365,1.07976889610291,1.0734338760376,1.93979597091675,4.24796509742737,0.694051027297974,0.744323968887329,0.852698802947998,1.19697690010071,0.977946996688843,2.59834599494934,0.643450021743774,0.547194004058838,1.43680310249329,0.7364501953125,0.673103094100952,1.17763710021973,0.881058931350708,1.30282115936279,1.33909511566162,1.01350092887878,0.866935014724731,1.28671002388,1.7230658531189,1.41812014579773,1.13037395477295,0.505112171173096,1.47386503219604,1.04652404785156,0.885581016540527,1.09749817848206,0.692306995391846,1.09494686126709,1.11029982566833,3.16432595252991,0.802123069763184,0.784837007522583,1.26175999641418,0.790305852890015
0.809589862823486,0.856029033660889,0.550253868103027,0.712868928909302,1.07345414161682,1.18002700805664,0.928734064102173,0.658362150192261,0.970337867736816,0.607231140136719,1.39761304855347,1.1050329208374,0.706111907958984,0.810248851776123,1.49305605888367,0.745208978652954,0.901108026504517,0.583275079727173,0.538567066192627,1.00270390510559,0.763951063156128,0.751971960067749,0.826143980026245,1.04151320457458,0.647565126419067,0.824277877807617,0.890846967697144,0.602410078048706,1.30172300338745,1.1723690032959,1.25070595741272,0.765427827835083,1.1782968044281,0.642130851745605,1.26736903190613,0.611271142959595,0.7796790599823,0.678608894348145,0.853622913360596,0.809849977493286,0.807780981063843,0.832404136657715,0.807545900344849,1.35263586044312,0.690454006195068,1.07390189170837,1.33094692230225,0.593286991119385,0.875978946685791,0.928586006164551,0.772535800933838,1.05024695396423,0.794995069503784,0.621660947799683,0.795398950576782,1.33576107025146,0.857429981231689,0.890096187591553,0.89645791053772,0.906569004058838,1.12076377868652,1.4676718711853,0.923553943634033,0.884087085723877,0.87614107131958,1.27863788604736,0.828405857086182,0.389224767684937,1.53569507598877,1.34278297424316,0.732921123504639,1.3829300403595,0.842974901199341,0.708980083465576,1.58694791793823,1.63400602340698,1.04544401168823,1.05856609344482,2.44530510902405,0.800506114959717,3.89978098869324,2.24032497406006,1.09160399436951,0.933259963989258,0.875550985336304,0.859885931015015,1.71116399765015,1.27144408226013,0.600797891616821,0.959485054016113,0.95755410194397,0.941066980361938,0.803680896759033,1.14408397674561,0.552037954330444,0.629806995391846,0.797277927398682,0.785709142684937,0.690550088882446,1.07983684539795,0.753161907196045,1.32207298278809,1.05377006530762,0.863850116729736,0.659974813461304,0.698554992675781,1.19370794296265,1.14259004592896,0.720078945159912,0.617774963378906,1.00718903541565,0.615659952163696,0.782379150390625,0.862804889678955,1.5249171257019,0.827836036682129,1.16718506813049,1.16849803924561,0.914669990539551,0.932847023010254,1.03822708129883,0.932056188583374
0.613456964492798,0.623702049255371,0.669967174530029,0.708632946014404,2.86177492141724,0.977267980575562,0.690891027450562,0.891104936599731,0.908208847045898,0.778247117996216,0.735927820205688,0.967812061309814,1.15046191215515,0.719695091247559,0.78047513961792,0.638926982879639,0.749183893203735,0.953243970870972,0.891704082489014,0.752642869949341,0.713905096054077,0.725246906280518,1.0963089466095,1.67046594619751,0.605647087097168,1.00315403938293,0.786451101303101,0.749757051467896,1.12495994567871,1.26158785820007,0.868261098861694,1.10634088516235,1.09281611442566,0.86304497718811,0.986320972442627,0.811232805252075,0.862487077713013,0.636327028274536,0.688232898712158,0.718417167663574,1.02754187583923,0.862411022186279,0.794965028762817,1.02516603469849,0.77171516418457,1.36498117446899,0.836712121963501,1.15003395080566,0.73238205909729,0.665436029434204,0.836582899093628,0.882951021194458,0.680853128433228,0.656914949417114,0.772698879241943,0.842344999313354,0.712857007980347,1.15232396125793,0.906943082809448,1.20747900009155,0.986273050308228,1.17668795585632,0.847997903823853,1.07442784309387,0.863125085830688,1.80271100997925,0.86304497718811,0.713911056518555,3.76904988288879,1.30048990249634,1.21204090118408,1.43115282058716,1.00197505950928,0.590925931930542,2.14935088157654,1.78548002243042,1.08175301551819,0.960391998291016,1.04302906990051,0.794042110443115,0.739840030670166,1.56182813644409,0.973351001739502,0.912493944168091,1.11514115333557,1.740553855896,1.31975984573364,1.46361708641052,0.829239130020142,0.904109001159668,0.972208976745605,1.14055013656616,0.800879001617432,1.16942620277405,1.35017013549805,0.838379144668579,0.742464780807495,0.8644700050354,0.771906137466431,2.20404601097107,0.815971851348877,0.624524116516113,0.707274198532104,0.839612007141113,1.06532502174377,0.748095989227295,0.998502016067505,0.751256942749023,0.648834943771362,0.51737380027771,1.23090600967407,0.662761926651001,0.932137966156006,0.574198961257935,1.0582480430603,0.777465105056763,1.57952404022217,1.00206899642944,0.917301893234253,0.661487817764282,0.868105173110962,1.00707387924194
0.968216180801392,0.887557983398438,0.815299987792969,0.580137968063354,1.07270193099976,1.13797807693481,0.823024034500122,0.887953996658325,1.37197494506836,0.92908787727356,1.24393510818481,0.761252880096436,1.7314817905426,0.815157890319824,0.984778881072998,1.08681988716125,0.938230991363525,1.04005694389343,0.524373054504395,0.748308897018433,0.864568948745728,0.585250854492188,1.71173286437988,0.846581935882568,0.880769968032837,0.683577060699463,0.921006917953491,1.6361608505249,0.951549053192139,0.920413970947266,1.11467695236206,0.527614116668701,0.717888832092285,0.831584930419922,1.13344693183899,0.62749195098877,1.21514320373535,0.706115961074829,1.22097420692444,0.782068014144897,0.932018041610718,1.04121112823486,0.736547946929932,1.23314499855042,0.763505935668945,1.23839807510376,0.862850904464722,0.73406195640564,0.860116958618164,0.65143895149231,0.7427978515625,0.616367816925049,0.745291948318481,0.702424049377441,1.70102620124817,1.80206704139709,0.901074171066284,0.964319944381714,1.31742787361145,2.3669958114624,1.42356586456299,2.14908790588379,0.761119842529297,0.819999217987061,0.897386074066162,0.882497072219849,0.739499092102051,0.680040121078491,0.979526042938232,1.40699696540833,0.882839202880859,0.83238697052002,0.909806966781616,0.692847013473511,3.31399011611938,1.1438901424408,0.739461898803711,1.41970109939575,1.41217613220215,0.637565135955811,1.34212708473206,4.02734899520874,1.00592684745789,1.00028395652771,3.32130002975464,1.96593618392944,1.24289393424988,0.87700891494751,0.786968946456909,0.703222036361694,0.936106204986572,0.736896991729736,1.21562099456787,1.16067099571228,0.80865478515625,0.674568891525269,0.700805902481079,0.764295101165771,0.870902061462402,0.850301027297974,1.81779408454895,0.721988201141357,1.14654588699341,1.32286214828491,1.05716395378113,0.615505933761597,1.58651185035706,0.933096885681152,1.08075618743896,0.789800882339478,0.900597095489502,0.746747016906738,0.841231107711792,0.536658048629761,1.06227898597717,3.3188841342926,2.48962211608887,0.91270899772644,1.28184509277344,0.828386068344116,0.928509950637817,0.898984909057617
2.29235911369324,1.3836841583252,0.655670881271362,0.669514894485474,0.884867191314697,0.561470031738281,0.897043943405151,1.40367698669434,1.0515239238739,1.10066509246826,0.857048034667969,0.851348161697388,0.815041065216064,0.981974124908447,1.42443799972534,0.729386806488037,0.646935939788818,0.952569007873535,0.638252973556519,1.32393288612366,0.603842973709106,0.82378101348877,0.783513069152832,1.23399901390076,0.576215028762817,0.593712091445923,0.746440887451172,1.03647899627686,0.897427082061768,2.15124106407166,1.10678911209106,0.601783037185669,1.6689031124115,0.795462131500244,0.745223045349121,1.35489702224731,0.904275178909302,0.604010105133057,1.14985108375549,0.683225870132446,1.07367610931396,0.67264199256897,0.670572996139526,0.633394956588745,1.08291101455688,1.23593211174011,0.837491989135742,0.917824983596802,0.742882966995239,0.671350955963135,1.25018405914307,1.06129598617554,0.841859817504883,0.780405044555664,1.21646308898926,0.825245141983032,0.926542997360229,0.771955013275146,1.62961411476135,0.863948106765747,1.27214789390564,1.28501510620117,1.19803690910339,0.87404990196228,1.0281069278717,1.19268703460693,0.7775559425354,0.760572910308838,2.55381512641907,1.54783511161804,0.941505908966064,1.74950909614563,1.03503704071045,0.538670063018799,2.25439691543579,1.08888792991638,1.3721170425415,1.08340096473694,1.18512392044067,0.844613790512085,1.63363099098206,3.28326487541199,0.917715787887573,0.880553960800171,0.912735939025879,1.61393213272095,1.36986112594604,0.55414605140686,0.969972133636475,0.881446123123169,0.93142294883728,1.57792806625366,1.22588801383972,2.60774898529053,0.624480009078979,0.931452989578247,0.730052947998047,1.34979701042175,0.955839872360229,0.884400844573975,1.10924100875854,0.779606819152832,0.882040977478027,0.938310861587524,0.957397937774658,0.615679979324341,1.81802892684937,1.02963709831238,0.761553049087524,0.832762002944946,1.24491286277771,0.797322988510132,0.610070943832397,0.757942914962769,0.896224975585938,1.05331301689148,1.49543213844299,1.59194684028625,1.11485886573792,0.695441961288452,1.04634213447571,0.804934024810791
1.72985315322876,0.847531080245972,0.683342933654785,0.540383815765381,0.711625099182129,0.554231882095337,0.771275043487549,0.693207025527954,1.00549697875977,1.46162891387939,0.859221935272217,0.804227113723755,1.22437906265259,1.07535409927368,2.04454207420349,1.71968698501587,0.709189176559448,0.931730985641479,0.788928985595703,1.07961702346802,0.735903024673462,0.659141063690186,0.953223943710327,1.02393198013306,0.612028837203979,0.800578832626343,0.712349891662598,2.23467588424683,1.50955390930176,0.938668966293335,0.99186897277832,0.584611892700195,1.15681314468384,0.920186996459961,1.2524209022522,0.910317897796631,0.605833053588867,0.713304042816162,0.860742092132568,0.737707853317261,0.966120004653931,1.05939102172852,1.01612687110901,0.899708986282349,0.665030956268311,1.29684805870056,0.946686029434204,1.02794504165649,0.718080043792725,1.33122801780701,0.847376108169556,1.66986894607544,0.790235042572021,0.741296052932739,0.918131113052368,1.43232703208923,1.02004885673523,1.15296602249146,0.945389986038208,1.81792211532593,1.56927490234375,1.48054885864258,0.953106880187988,0.929564952850342,1.2047860622406,1.10266804695129,0.965483903884888,0.665469884872437,1.22362279891968,1.48754501342773,3.39604306221008,2.20945906639099,1.13311314582825,0.688195943832397,1.0825309753418,1.21236085891724,1.72581195831299,0.807706832885742,1.04352402687073,0.636070966720581,0.78252911567688,1.19482421875,0.924628973007202,1.05521106719971,2.57037615776062,1.09082293510437,1.64197993278503,2.04010701179504,1.27815914154053,0.847350120544434,0.890586853027344,0.744806051254272,0.914808034896851,0.993857860565186,1.00552892684937,0.605005025863647,1.74430012702942,1.24382615089417,0.866663932800293,1.36263084411621,0.747675895690918,1.9279670715332,1.31133890151978,1.28343605995178,0.584544897079468,0.922799110412598,1.21711897850037,1.00714302062988,0.722312211990356,0.721352815628052,1.19645500183105,0.865953922271729,0.631388902664185,0.776133060455322,0.779573917388916,2.37070202827454,0.932567119598389,1.20233297348022,0.876221895217896,0.87421989440918,1.04113602638245,0.721496820449829
0.840660095214844,0.741276025772095,0.755275964736938,0.680033922195435,0.974411964416504,0.766028165817261,0.803785085678101,1.0203800201416,1.08618211746216,0.799175024032593,1.0110809803009,0.823709011077881,0.795274972915649,0.804188013076782,1.39124202728271,0.733810901641846,0.980622053146362,1.24888205528259,0.667590856552124,0.691237211227417,0.523706912994385,0.526031017303467,1.4336621761322,1.06162881851196,0.898293018341064,0.744828939437866,0.94187593460083,1.11664795875549,0.636370182037354,0.886316061019897,1.60474991798401,0.753067016601562,0.935497045516968,0.743725061416626,0.808141946792603,0.682124853134155,0.804122924804688,1.39370203018188,0.914799928665161,0.704600095748901,0.636746168136597,1.65721917152405,0.829300880432129,0.970205068588257,1.06661009788513,1.34523487091064,1.04210090637207,0.907938003540039,0.614198923110962,0.881155014038086,0.663891077041626,0.907333135604858,0.764380931854248,0.886667966842651,1.58936882019043,2.63183498382568,1.25635504722595,1.0828230381012,1.43987393379211,1.36609196662903,0.84130597114563,1.09318494796753,0.959098100662231,0.919951915740967,1.11002898216248,1.90344095230103,0.913116931915283,0.643280982971191,1.25797915458679,2.17947793006897,1.09522294998169,4.8185670375824,0.699190855026245,0.842294216156006,1.47683501243591,1.08760499954224,1.04009890556335,0.815891981124878,3.60271191596985,0.784362077713013,0.654456853866577,1.17759609222412,1.37859582901001,0.86687707901001,1.35440611839294,1.46539902687073,1.44792795181274,0.71291184425354,0.852651834487915,0.673920154571533,1.46807789802551,0.879130125045776,0.93482518196106,1.80574893951416,1.09885597229004,0.7467360496521,1.28677105903625,0.770434856414795,1.40540981292725,1.09786510467529,0.835813045501709,1.1968719959259,1.21119713783264,1.53083109855652,0.74088191986084,0.665230989456177,1.6383318901062,1.39891600608826,1.54088401794434,0.935667037963867,1.37484502792358,0.876709938049316,0.665117025375366,0.971985816955566,0.950201988220215,1.3592381477356,1.67798018455505,1.42029285430908,1.02926206588745,0.636063098907471,1.17007613182068,0.734667062759399
1.23237299919128,0.752784967422485,0.586372852325439,0.621345996856689,1.49520993232727,0.847121953964233,0.65146017074585,0.785392045974731,1.00267720222473,0.686308145523071,0.800992965698242,0.990132093429565,1.398756980896,0.919965028762817,1.64437103271484,0.641861915588379,0.779706954956055,0.927237033843994,0.815620183944702,1.75187802314758,0.645494937896729,0.613753795623779,0.791841983795166,1.66733980178833,0.95668888092041,0.793622016906738,1.27346801757812,0.96780800819397,1.32473802566528,1.06769204139709,1.4106137752533,1.67312693595886,0.82683801651001,1.52625179290771,1.00875806808472,0.708249092102051,1.2363748550415,0.890863180160522,1.11842799186707,0.847532033920288,1.09649705886841,1.19736003875732,0.967612981796265,1.20368814468384,1.26482009887695,1.72557997703552,1.16582989692688,0.839439153671265,0.936024904251099,0.62630295753479,0.778969049453735,0.804709196090698,0.710569858551025,0.694583892822266,1.1146559715271,0.943927049636841,1.13710498809814,1.00618004798889,1.600093126297,1.43733906745911,0.938856840133667,1.35037612915039,1.138503074646,1.00868916511536,1.31919407844543,1.86991286277771,0.871392965316772,0.925270080566406,0.984116077423096,2.71457695960999,1.11968803405762,2.79106521606445,0.954085111618042,1.06390404701233,1.43321490287781,1.80655694007874,0.798774003982544,1.23100900650024,0.883640766143799,0.798336029052734,0.747957944869995,1.21388912200928,0.969512939453125,0.852702856063843,1.19484210014343,0.954653978347778,2.34115600585938,1.00860595703125,1.30523300170898,1.70093679428101,0.825160026550293,0.921798944473267,1.00224494934082,3.61700201034546,0.722572803497314,0.713297128677368,0.779714107513428,0.676491022109985,0.752051830291748,0.727932929992676,0.763660907745361,0.613132953643799,1.0778751373291,1.3886091709137,0.670042991638184,0.524455070495605,1.13507795333862,1.01039004325867,1.1106870174408,0.754883050918579,1.41150808334351,0.728488922119141,0.916421890258789,0.836545944213867,1.00833106040955,1.03824901580811,1.08571290969849,1.04823517799377,1.04014897346497,1.41272592544556,0.961368083953857,0.746233224868774
0.964394807815552,0.801964998245239,0.759356021881104,0.754741907119751,1.13226795196533,0.87391996383667,0.719009160995483,1.08153390884399,1.26182699203491,0.71747088432312,0.905225992202759,0.970542907714844,0.830302000045776,0.992780923843384,0.759382009506226,0.85745096206665,1.03090405464172,1.32144713401794,0.815713167190552,0.816472053527832,0.672963857650757,0.54725980758667,0.597970962524414,0.950100183486938,0.799368143081665,0.887606859207153,0.846261024475098,0.987963914871216,0.783508062362671,1.00171899795532,1.38897490501404,0.643399000167847,1.05286002159119,0.889621019363403,1.02052211761475,0.666238069534302,1.3742048740387,0.797196865081787,1.45167398452759,1.25591206550598,1.46829605102539,0.9813551902771,0.845963001251221,0.65506911277771,0.820663928985596,1.07351589202881,1.00337100028992,0.846193075180054,0.871369123458862,0.614333152770996,1.43083596229553,0.965756893157959,0.698529958724976,0.699510097503662,2.09243607521057,0.995942115783691,1.79686808586121,1.34291219711304,0.783173799514771,0.839054107666016,1.0285918712616,1.03987097740173,0.97330904006958,0.962013959884644,0.956718921661377,1.78343200683594,0.750123977661133,0.655096054077148,3.4235508441925,2.05944514274597,1.89074420928955,2.14564990997314,1.31230688095093,1.02924299240112,1.42004299163818,1.40410304069519,0.844165086746216,0.81589412689209,1.18834900856018,0.894025087356567,0.956093072891235,1.69483804702759,1.05042910575867,0.978202104568481,1.3494861125946,1.16168999671936,0.772985935211182,1.45865392684937,0.85620379447937,1.1901490688324,1.18405604362488,0.958288908004761,0.793146848678589,1.08981513977051,0.899328947067261,0.796990156173706,1.27024388313293,0.942396879196167,0.896317005157471,0.894373178482056,0.863136053085327,0.79252815246582,1.33913397789001,2.11275291442871,0.785155057907104,0.796746969223022,0.891921043395996,1.02860903739929,0.935337066650391,0.875108003616333,0.982606887817383,0.610090970993042,0.935322046279907,0.86198091506958,1.32976198196411,1.09325695037842,1.44892597198486,0.597926139831543,0.905251026153564,0.878983020782471,0.960597991943359,0.754538059234619
1.5341169834137,1.14939999580383,0.703829050064087,0.793949842453003,0.978153944015503,0.819114923477173,0.639743089675903,0.769054174423218,0.961326837539673,0.942416191101074,0.72837495803833,0.928061008453369,0.9684739112854,0.829614877700806,0.77515697479248,0.706900119781494,0.603069067001343,0.687696933746338,0.825034141540527,1.03856801986694,0.635399103164673,0.796048879623413,0.986138105392456,0.891182899475098,0.703850984573364,0.670157909393311,1.00309300422668,0.95219898223877,0.794108152389526,0.629998922348022,0.927229881286621,0.928418159484863,0.884972095489502,0.615022897720337,1.06139087677002,0.628921031951904,0.778122901916504,0.721977949142456,0.830988883972168,0.660481929779053,0.884927034378052,0.0196399688720703,0.710125923156738,0.788748979568481,0.701136112213135,1.39162492752075,0.760756969451904,0.707475185394287,0.680253982543945,0.895961999893188,0.902999877929688,1.09124112129211,0.775758028030396,0.676306009292603,1.52567601203918,1.0103440284729,0.982457160949707,0.95878791809082,0.852365016937256,0.9823899269104,0.86845588684082,1.05563592910767,0.888752937316895,0.864348173141479,1.1798620223999,0.866841077804565,1.44732689857483,0.608319044113159,0.731802225112915,0.925192832946777,1.79156613349915,2.00363111495972,0.706393957138062,0.787846088409424,0.135905981063843,1.63131594657898,0.809045076370239,2.00023198127747,1.40497517585754,0.597033023834229,1.6449179649353,1.337975025177,0.730954170227051,0.860166072845459,0.83004093170166,0.900655031204224,2.47488403320312,1.02400279045105,0.626515865325928,0.81580376625061,0.929431915283203,1.55847001075745,0.863619089126587,1.74037218093872,0.643146991729736,0.550161123275757,1.09811091423035,1.06732511520386,0.974916934967041,0.548921823501587,0.612837076187134,0.728111028671265,0.832810163497925,0.84912109375,1.91103196144104,0.700474977493286,1.09757399559021,1.04749703407288,0.651126861572266,0.706719160079956,0.753540992736816,0.792667150497437,0.639223098754883,0.95679497718811,0.950062036514282,0.977229833602905,1.97825503349304,1.02974414825439,1.14501595497131,0.675032138824463,0.767852067947388,1.42713809013367
1.75205612182617,0.612182855606079,0.667176008224487,0.791245937347412,0.0779449939727783,0.757911920547485,0.823954105377197,0.693784952163696,0.852530956268311,1.16373586654663,0.852152824401855,1.24458193778992,0.858470916748047,0.63542103767395,0.859892129898071,0.78333306312561,0.727139949798584,1.60997891426086,0.863446950912476,0.766004085540771,0.89118504524231,0.559096097946167,0.855715990066528,1.08615803718567,0.629957914352417,0.821672916412354,1.41525912284851,0.931127071380615,0.790253877639771,1.60417103767395,1.58435392379761,1.00465703010559,0.976339101791382,0.584378004074097,1.93513917922974,0.774726867675781,0.927237987518311,0.997044086456299,0.970618009567261,0.74215292930603,0.969467878341675,0.787060976028442,1.14031982421875,0.749209880828857,0.894562005996704,1.23507881164551,1.09224987030029,0.688427925109863,0.831009149551392,1.89024591445923,1.05012202262878,1.07820081710815,0.771959066390991,0.682291030883789,1.13257098197937,0.841315984725952,0.893103122711182,1.24142694473267,1.27032208442688,1.81910300254822,1.10546803474426,1.17296600341797,0.794609069824219,1.32634902000427,1.22597599029541,1.21301698684692,1.22323107719421,0.853060007095337,0.2796630859375,1.18635010719299,1.2036509513855,2.03108692169189,0.889003992080688,0.654729843139648,2.05664992332458,1.73413610458374,0.75309681892395,0.744158983230591,1.1513659954071,0.896003007888794,2.18846702575684,1.26662397384644,0.954387187957764,0.866519927978516,1.24182915687561,1.916827917099,1.18465900421143,0.723898887634277,0.948196887969971,1.24691891670227,0.875066041946411,1.18883299827576,0.883726119995117,0.316977024078369,0.768027067184448,0.566730976104736,1.20384001731873,1.29011988639832,1.1433539390564,0.874859094619751,0.921321153640747,0.599961996078491,0.87918496131897,1.12378811836243,0.683784008026123,0.794440984725952,1.42966890335083,1.26889204978943,0.558615207672119,0.596397876739502,0.625792026519775,0.635823011398315,0.959724903106689,0.852514982223511,0.965501070022583,1.23354601860046,1.48977899551392,0.940638065338135,0.745910167694092,0.643702983856201,0.749622821807861,0.841928005218506
1.57014322280884,1.36819505691528,0.829094171524048,0.60404109954834,1.04560089111328,0.898975133895874,0.715334892272949,0.835962057113647,1.97270488739014,0.883868932723999,0.798671960830688,0.826411008834839,1.92264699935913,0.748784065246582,1.8883490562439,0.786087036132812,0.773581027984619,1.0948600769043,0.610217094421387,1.07849884033203,1.14055895805359,0.636582851409912,0.787415027618408,1.00435495376587,0.836425065994263,0.662654876708984,0.640433073043823,0.934185028076172,1.20651197433472,1.14140200614929,0.831792116165161,0.66355299949646,0.857701063156128,1.30444097518921,0.676208019256592,0.933690071105957,1.23124814033508,0.581408023834229,1.24222898483276,0.84365701675415,1.36219310760498,1.79961490631104,0.686331033706665,0.951637983322144,0.751826047897339,1.6625349521637,1.98068809509277,0.682697057723999,0.743667125701904,0.628783941268921,1.13270401954651,0.822438955307007,0.913563966751099,0.644335985183716,1.04064702987671,0.838407039642334,1.08311200141907,1.19949698448181,1.4385449886322,1.31324195861816,1.66340208053589,1.44053888320923,0.940672159194946,1.09422397613525,1.35383605957031,0.946521043777466,0.702318906784058,0.518371105194092,2.51435995101929,0.886246204376221,1.12778401374817,2.79050207138062,0.637789011001587,0.830703020095825,1.11847114562988,1.56216096878052,0.723126888275146,0.870918035507202,1.02905011177063,0.754536151885986,1.21712493896484,1.21171498298645,0.965572118759155,0.903018951416016,1.00847601890564,2.09869003295898,0.831416845321655,0.84697413444519,0.872606039047241,0.72870397567749,0.812816858291626,1.17130994796753,0.955967903137207,1.52818012237549,0.695119142532349,0.575544118881226,1.12094902992249,0.901167154312134,0.971983909606934,0.861710786819458,1.16168999671936,0.687888860702515,1.1886510848999,1.18725800514221,0.595554113388062,0.707450151443481,1.0863618850708,0.78144097328186,0.655236005783081,0.650283098220825,1.08627009391785,0.742660045623779,1.08981204032898,0.844205856323242,1.13033485412598,0.883321046829224,2.55336093902588,1.32111597061157,1.30429291725159,1.02655410766602,0.966783046722412,1.01539897918701
1.46026301383972,0.662714004516602,0.642839908599854,0.71783709526062,0.878493070602417,0.6493079662323,1.31417083740234,0.821830034255981,0.908967018127441,0.60652494430542,0.820822954177856,0.724546909332275,1.52358102798462,0.777537107467651,0.984253883361816,0.617882966995239,0.925436019897461,1.47261500358582,1.30623388290405,0.786746978759766,0.785508155822754,0.582679986953735,1.26265692710876,1.4126148223877,0.724745988845825,0.681696176528931,0.922443151473999,0.918874979019165,1.14872694015503,1.13209390640259,1.05681800842285,1.4810791015625,0.791782140731812,0.681024789810181,1.64644813537598,0.582858800888062,0.98954701423645,0.816075086593628,1.44658589363098,1.04970407485962,1.06312990188599,1.04709577560425,1.02774596214294,3.29645299911499,0.878801107406616,1.55736494064331,0.889217138290405,0.728010892868042,0.882148027420044,1.2583429813385,1.02576422691345,0.818366050720215,0.629081010818481,0.579170942306519,0.884105920791626,0.91120719909668,0.938821077346802,0.951651096343994,1.46952700614929,1.34020590782166,1.15807914733887,1.45130705833435,0.810829877853394,0.863610982894897,1.763267993927,1.545166015625,0.812458038330078,0.932498216629028,1.4379940032959,0.822558879852295,1.20802807807922,0.838042974472046,1.39983892440796,0.971982955932617,3.2154541015625,1.33586001396179,0.981035947799683,1.14947295188904,0.885110855102539,0.834011077880859,1.60825109481812,1.18428111076355,1.0979859828949,1.09086608886719,0.810693979263306,1.41232705116272,0.941982984542847,0.842564105987549,0.838032960891724,1.01766991615295,0.79411506652832,1.00532007217407,1.0040340423584,1.940505027771,0.614588975906372,0.616558074951172,1.34996199607849,1.13917589187622,0.875255107879639,0.798243045806885,0.688097953796387,0.63119101524353,0.850207090377808,1.06479501724243,0.758657932281494,0.608392953872681,1.13800692558289,1.05420207977295,0.539562940597534,0.571603059768677,0.940048933029175,0.872390985488892,0.787008047103882,1.07413601875305,1.32352185249329,0.799839019775391,2.09027194976807,1.17621302604675,0.871910095214844,1.10039591789246,0.918168067932129,0.777882099151611
1.40775394439697,1.06413793563843,0.991140842437744,0.694972038269043,0.579317092895508,0.243912935256958,0.850289106369019,0.743523120880127,1.12923908233643,0.611309051513672,1.03423500061035,0.925946950912476,1.24961185455322,0.793402194976807,0.772975921630859,0.834242105484009,0.948499917984009,1.32654786109924,1.01229405403137,1.45838809013367,0.649272203445435,0.77212381362915,1.19569206237793,0.802772045135498,0.780673980712891,0.67354416847229,0.927780866622925,0.695359945297241,1.2122950553894,1.59624290466309,1.51884794235229,1.0324649810791,0.970059156417847,1.10268592834473,1.04253506660461,0.620674848556519,1.31016492843628,0.861168146133423,1.13055396080017,1.00278997421265,1.12987995147705,1.22171688079834,0.870039939880371,0.862025022506714,1.15086197853088,1.33663702011108,1.01692390441895,0.664444923400879,0.669002056121826,0.727277040481567,0.956120014190674,0.983765125274658,0.831057071685791,0.682460069656372,0.985566854476929,1.22300004959106,0.957004070281982,0.88111686706543,0.859905004501343,1.75357794761658,0.972071886062622,1.4056031703949,0.780198097229004,0.977654933929443,1.28402805328369,0.995562076568604,0.774945020675659,1.2371928691864,1.5397961139679,1.14713788032532,0.636061906814575,1.76869702339172,0.730974912643433,0.656316995620728,2.22740912437439,0.971452951431274,0.897438049316406,1.03957986831665,1.01379203796387,0.635894060134888,1.28355002403259,0.835630178451538,0.935260057449341,0.848836183547974,1.26880407333374,2.01668405532837,1.15397000312805,1.03356289863586,0.796802997589111,1.51742100715637,0.818768978118896,0.824373006820679,1.1408588886261,3.4756441116333,0.544564962387085,0.54525899887085,1.74812197685242,0.903784990310669,1.24054908752441,0.659377098083496,0.723467111587524,0.652643918991089,1.6203670501709,1.18738889694214,0.659260988235474,0.630320072174072,2.16361618041992,1.08080291748047,0.607546091079712,0.835005044937134,1.16459798812866,0.738745212554932,0.657166004180908,0.723501920700073,1.6881628036499,0.687827110290527,3.98101019859314,0.976621150970459,1.10499310493469,0.950448036193848,1.09587693214417,0.671426057815552
1.43950796127319,0.846292018890381,0.766616821289062,0.678690910339355,0.943382978439331,0.786282777786255,0.748987913131714,0.604304790496826,0.791818141937256,0.803120851516724,0.908298015594482,0.741400003433228,0.82594895362854,0.640524864196777,1.70409798622131,0.732818126678467,0.824640989303589,1.05652689933777,0.756593942642212,0.703175067901611,1.00301599502563,0.867244005203247,2.64326214790344,0.961174964904785,0.867771148681641,0.683214902877808,0.749379873275757,0.992793083190918,0.7187340259552,1.7824399471283,0.872515916824341,0.808408975601196,0.876213073730469,0.692334890365601,0.622745990753174,0.666157007217407,0.811553001403809,1.16188597679138,1.17523789405823,0.782654047012329,1.1013560295105,1.01506304740906,0.80000901222229,1.273521900177,1.23611187934875,1.55722594261169,1.5172917842865,0.699476957321167,0.943783044815063,0.796884059906006,0.888618946075439,0.829411029815674,0.544327974319458,0.675513029098511,0.818377017974854,1.14860510826111,1.15343117713928,0.666088819503784,1.89912700653076,0.894750118255615,1.02425384521484,1.39777612686157,1.00987601280212,1.50289988517761,1.30465507507324,0.883562088012695,0.828143119812012,1.06636214256287,2.19028401374817,2.13107490539551,0.922317981719971,1.88812708854675,1.31694412231445,0.943413972854614,2.09136700630188,0.711145162582397,0.926910877227783,0.843544960021973,0.803611993789673,0.620846033096313,1.60885906219482,1.28034901618958,0.915042161941528,0.786077976226807,1.43890881538391,1.47274899482727,1.58438014984131,1.09235310554504,0.716789960861206,1.07171297073364,0.768146991729736,0.88170599937439,1.28300595283508,0.839854001998901,0.708345890045166,0.617836952209473,1.6545889377594,0.811359167098999,0.798465967178345,0.777488946914673,1.27500891685486,0.677389144897461,1.24038100242615,1.01559519767761,0.677302122116089,0.666420936584473,0.966100931167603,1.08586382865906,0.685751914978027,0.632467031478882,1.47448992729187,0.545675992965698,1.33698701858521,0.708060026168823,2.86787390708923,1.50169992446899,1.60684895515442,0.792926073074341,0.951272010803223,0.641036987304688,0.94386100769043,0.825595855712891
0.819733142852783,0.739391088485718,0.662467002868652,0.847501039505005,0.952261924743652,0.684067010879517,0.738358020782471,0.595101833343506,1.09504699707031,0.977485179901123,0.683233022689819,0.890650033950806,0.673550844192505,1.01663398742676,1.13279700279236,0.813239097595215,0.80574893951416,1.18628191947937,0.958070039749146,0.991179227828979,0.791703939437866,0.540691137313843,1.61741495132446,0.878625154495239,1.35891509056091,0.838943004608154,0.963509082794189,0.950268030166626,1.70782899856567,1.31755709648132,0.959830045700073,1.15266895294189,0.678667068481445,0.802089214324951,0.919286012649536,0.790553092956543,0.791017055511475,0.841422080993652,1.09177303314209,0.836174011230469,1.24309992790222,1.2297670841217,0.744102001190186,0.888734102249146,1.21284604072571,1.33508086204529,0.753209829330444,0.855110883712769,0.9637770652771,1.21525096893311,1.03470087051392,0.733570098876953,1.16470909118652,0.553921937942505,1.05144596099854,1.13539505004883,2.03031206130981,1.15094804763794,2.08514595031738,1.36225485801697,1.11906290054321,1.44098091125488,0.90912914276123,1.04540419578552,1.29118990898132,1.26152992248535,0.895915031433105,0.721899032592773,5.28673386573792,0.663316965103149,1.31174397468567,2.30375099182129,0.753584861755371,0.627606153488159,1.66115999221802,1.02614903450012,1.00875091552734,1.01888203620911,1.03951907157898,0.659610986709595,0.863667011260986,1.43414402008057,0.877018928527832,1.01524996757507,1.00409293174744,2.00903391838074,1.05447888374329,1.22683000564575,1.01180696487427,1.15035796165466,1.09378385543823,1.20475101470947,0.931257009506226,0.90749192237854,0.553296089172363,0.514572143554688,1.22204208374023,0.785676002502441,0.963483095169067,1.75527000427246,0.988953113555908,0.560042858123779,1.13694405555725,1.02036309242249,0.772814989089966,1.45596981048584,1.53697204589844,0.757036924362183,0.680873870849609,0.905261039733887,0.852951049804688,0.574954986572266,0.739409208297729,0.869419813156128,1.38517618179321,1.37023901939392,1.27277493476868,0.890542984008789,1.21916890144348,0.918044090270996,1.07910108566284,0.96270489692688
0.94581413269043,0.575567007064819,0.701268196105957,0.69868803024292,0.797241926193237,0.776612997055054,1.44993996620178,0.994358062744141,1.07453012466431,1.1176290512085,0.785374879837036,0.732336044311523,1.27995896339417,0.966747999191284,1.08175611495972,0.611304998397827,0.822545051574707,0.935184001922607,0.562204837799072,0.795456171035767,0.621318817138672,0.577012062072754,1.28953409194946,0.9217209815979,0.958600044250488,0.980375051498413,0.812045097351074,1.08026504516602,0.643078088760376,0.84145712852478,0.784973859786987,1.32660889625549,0.917098045349121,1.33847212791443,0.832873106002808,1.88768219947815,1.06001281738281,0.770150899887085,0.833929061889648,0.757802963256836,0.998600959777832,1.28243494033813,0.971271991729736,0.914750099182129,1.08584117889404,1.44563889503479,0.916797876358032,0.819346904754639,0.765691995620728,0.655735969543457,0.937295198440552,1.25294995307922,0.627238035202026,0.555552959442139,0.870637893676758,0.797585010528564,1.1050968170166,0.764266014099121,0.907543182373047,1.314621925354,1.49123001098633,2.47693800926208,1.1217029094696,0.983686923980713,1.12697100639343,1.23121690750122,1.27513885498047,0.970091104507446,1.7575261592865,1.90618491172791,0.756505012512207,1.71540212631226,0.945207118988037,0.708147048950195,1.9016261100769,1.05440306663513,1.02013421058655,0.733847141265869,0.755453109741211,0.856742858886719,1.76930212974548,1.84273195266724,0.974193811416626,0.71674108505249,1.18562197685242,0.867886066436768,0.947645902633667,1.02958011627197,0.83671498298645,1.07815599441528,0.774374008178711,0.944997072219849,1.24268698692322,2.53536415100098,0.659758806228638,0.711956024169922,1.45138001441956,1.38471508026123,0.838243961334229,1.07678914070129,0.650206804275513,0.585401058197021,1.07465410232544,0.83334493637085,0.677233934402466,0.710497856140137,0.844506978988647,0.915166854858398,0.887431859970093,0.629639863967896,1.07920813560486,0.694674968719482,0.89418888092041,1.0766339302063,1.00852203369141,1.39190006256104,1.30875205993652,0.855758905410767,0.708893060684204,0.739843130111694,0.926385164260864,0.785676956176758
1.48875403404236,1.14031600952148,0.917463064193726,0.824134111404419,1.32779312133789,0.663729190826416,0.661434888839722,0.848664045333862,0.93793797492981,0.804899930953979,0.864301204681396,0.802172183990479,1.31597900390625,0.787089109420776,0.934451103210449,0.912539958953857,0.538699865341187,0.940890073776245,0.97828197479248,0.780013084411621,1.09146308898926,0.538120031356812,1.06658101081848,0.977710962295532,0.656754970550537,0.786975860595703,0.965900897979736,0.939637899398804,1.47448492050171,1.0631000995636,0.958373069763184,1.07503581047058,0.960146903991699,0.626296997070312,0.976305961608887,0.693463087081909,1.23393106460571,0.85832691192627,1.59869384765625,0.930712938308716,1.20667695999146,1.83722496032715,0.98429799079895,0.84782886505127,1.04199409484863,1.26599407196045,1.27040100097656,0.741123914718628,0.785346031188965,0.847522020339966,0.936703205108643,0.688383102416992,1.3866548538208,0.647680997848511,3.2607958316803,1.05042910575867,1.11735796928406,1.27176690101624,0.906856060028076,1.55428791046143,1.26095700263977,1.33837103843689,1.00817704200745,1.07248902320862,1.22922086715698,1.06951403617859,1.11964106559753,0.573117971420288,1.49481511116028,1.67093515396118,0.9928879737854,4.60986399650574,1.20827889442444,0.751846075057983,1.45652604103088,1.31063604354858,0.961326837539673,0.752058029174805,0.810433864593506,0.760354042053223,1.05357193946838,1.74632287025452,0.971004962921143,0.885465860366821,1.06252908706665,0.938016891479492,10.5682978630066,0.769094228744507,0.975877046585083,1.06811118125916,0.856160879135132,0.752645969390869,1.24900698661804,1.12238788604736,0.594010829925537,0.740477085113525,0.831372022628784,0.818358898162842,0.825511932373047,1.88104295730591,0.670705080032349,0.601148128509521,1.27149796485901,0.94051194190979,0.692346811294556,0.743085145950317,1.29895186424255,0.572057008743286,0.660864114761353,0.857393026351929,0.843163967132568,0.643282890319824,1.11491298675537,0.770771980285645,2.82058787345886,3.32535791397095,1.1195330619812,1.17847299575806,0.659192085266113,0.967036008834839,0.895166158676147,0.823117017745972
2.5377299785614,0.7762291431427,0.797600030899048,0.570398092269897,1.39919304847717,1.05820202827454,0.837279081344604,0.811832904815674,0.915394067764282,1.0872700214386,1.21510791778564,0.87594199180603,0.90128493309021,1.01804184913635,1.50111389160156,0.902487993240356,0.840167999267578,1.02775192260742,0.928848028182983,0.866432905197144,0.824718952178955,0.646310806274414,0.669347047805786,0.686688899993896,1.02025294303894,0.740687847137451,0.884814977645874,0.767093181610107,0.958234071731567,1.01091194152832,1.03853392601013,0.964616060256958,0.862901926040649,1.08609509468079,0.864630937576294,0.975221157073975,1.11361312866211,1.97232580184937,1.03390002250671,1.60534000396729,0.811421155929565,2.08394980430603,1.22115993499756,0.754682064056396,1.07124900817871,1.12939786911011,0.953653812408447,0.928147077560425,1.03715014457703,0.754315137863159,0.866770029067993,1.18046307563782,0.741196155548096,0.758000135421753,2.12362098693848,1.52639007568359,1.05683398246765,1.42551398277283,1.38518309593201,0.779590845108032,1.81182479858398,0.973774909973145,0.93250298500061,0.881994962692261,0.767230033874512,1.03406405448914,0.7136549949646,0.745933055877686,1.40545392036438,1.17256093025208,1.48331117630005,0.869055032730103,1.00512385368347,1.07725501060486,1.85750102996826,1.57089900970459,0.872828006744385,0.7724609375,1.11659097671509,0.605849981307983,0.979857206344604,2.75052404403687,1.02680778503418,0.998712062835693,1.599848985672,1.28478908538818,3.33271408081055,0.95897388458252,0.716750860214233,1.03599619865417,0.989770889282227,0.953233957290649,0.918699026107788,0.867036819458008,0.805850982666016,0.647078037261963,0.878700017929077,1.8135621547699,0.819670915603638,2.18130683898926,0.97675895690918,0.619019985198975,1.11589193344116,1.3513331413269,0.728145122528076,1.23746800422668,1.52132296562195,1.2211320400238,0.741547107696533,0.966881036758423,1.16451287269592,0.658514022827148,0.622400045394897,1.3547031879425,1.03888511657715,1.10722494125366,2.06684708595276,0.772073984146118,0.896764993667603,1.36641097068787,0.779957056045532,0.691027879714966
1.30191206932068,0.69898509979248,0.790979146957397,0.658035039901733,0.827248096466064,0.720341920852661,0.729496002197266,0.686989068984985,0.885149002075195,0.758788824081421,0.732962846755981,0.664123058319092,0.895048141479492,0.826184988021851,0.862702131271362,0.615386962890625,0.598933935165405,0.917503118515015,0.629305124282837,0.770445823669434,0.769895076751709,0.624437093734741,1.28120088577271,0.900062084197998,0.946877956390381,1.24969696998596,0.808840990066528,0.789180994033813,1.53105092048645,1.11420392990112,0.877885103225708,0.724027872085571,0.887104034423828,1.05754208564758,0.802922964096069,0.698771953582764,1.01739692687988,0.683739185333252,1.30258798599243,0.761616945266724,0.954115867614746,1.11514282226562,0.842934846878052,1.22896099090576,1.07814002037048,1.57857704162598,1.00939083099365,0.700536966323853,0.607393026351929,0.623655080795288,0.872581958770752,1.43041682243347,0.833400964736938,0.755347013473511,0.952241897583008,1.29500603675842,0.900729894638062,1.01778817176819,0.987833976745605,0.851716041564941,0.947505950927734,1.64399695396423,0.811285972595215,1.03150200843811,0.793931007385254,1.00462603569031,0.670920133590698,0.676711082458496,1.03078103065491,1.15284395217896,0.796081066131592,0.942820072174072,1.01971006393433,0.991948127746582,1.91638994216919,1.26234817504883,0.870664119720459,1.04516220092773,0.712402820587158,0.544579982757568,1.45573997497559,1.0546178817749,0.913890838623047,0.968472003936768,1.78452801704407,0.84626317024231,1.28951287269592,0.916638851165771,1.0182409286499,1.13954997062683,0.675830841064453,0.641847133636475,0.948255062103271,1.33776617050171,1.33496499061584,0.709479093551636,0.719449996948242,0.901948928833008,0.753682136535645,1.11610817909241,0.704527139663696,0.87217903137207,0.832485914230347,0.948428153991699,1.321448802948,0.660192012786865,1.03179979324341,0.737372875213623,0.782675981521606,0.535656929016113,1.53493499755859,0.751155138015747,0.79758095741272,1.01935911178589,2.00189208984375,1.76676106452942,0.75590705871582,0.725122928619385,0.819547176361084,0.71416187286377,0.834013938903809,0.845623970031738
1.69400405883789,0.549760818481445,0.702461004257202,0.693716049194336,0.856390953063965,0.861721992492676,0.737866163253784,0.575721979141235,0.796238899230957,0.878479957580566,1.17953777313232,0.806550979614258,0.952454090118408,0.820569038391113,1.04479694366455,0.584058046340942,0.588821172714233,1.0543098449707,0.761459827423096,0.729317903518677,0.635361909866333,0.714883089065552,1.05335211753845,1.36404418945312,1.07931303977966,0.82563304901123,1.03346800804138,0.785508871078491,1.07821011543274,1.6884081363678,0.806833982467651,0.740008115768433,0.930515050888062,1.1397180557251,0.894201040267944,0.691526174545288,1.01529598236084,0.597131013870239,1.46432685852051,0.814808130264282,1.01566219329834,0.713649988174438,0.937984943389893,0.871110916137695,0.952105045318604,1.22523999214172,1.15009093284607,0.698135852813721,1.08074402809143,0.732161045074463,0.75690484046936,0.756206035614014,0.605731964111328,0.635226964950562,1.05398106575012,1.00244092941284,1.20939207077026,1.24448704719543,0.698617935180664,0.989223957061768,1.02226185798645,1.21816205978394,0.985738039016724,0.912909030914307,0.848652839660645,1.25435090065002,1.07848715782166,1.17803978919983,1.9093279838562,1.67996883392334,0.77869987487793,0.7061448097229,0.779373168945312,0.806727886199951,1.63153696060181,2.24861192703247,0.641035079956055,0.714713096618652,1.22467398643494,0.592287063598633,1.2050359249115,3.80062508583069,0.945441961288452,0.885860204696655,0.804292917251587,1.98939299583435,0.910598039627075,0.859104156494141,1.17484498023987,1.08607196807861,0.902324914932251,0.706466913223267,2.60597395896912,0.831016063690186,0.792486190795898,0.507165908813477,1.40298104286194,1.06401991844177,0.944789171218872,1.92502999305725,0.682775974273682,0.841899871826172,1.07207298278809,1.2511579990387,0.730017900466919,0.876873016357422,1.68450117111206,0.9235680103302,0.646459102630615,0.508065938949585,1.2841329574585,0.807383060455322,0.665266036987305,0.663565874099731,1.06310296058655,0.746973037719727,2.01196908950806,2.22963380813599,1.26651000976562,0.630378007888794,1.03057098388672,0.94459080696106
1.53539109230042,0.756273031234741,0.785660982131958,0.785940885543823,0.972320079803467,0.801536083221436,0.852320194244385,0.78485894203186,1.35043120384216,0.97922420501709,0.727296113967896,1.08347105979919,0.840993881225586,0.642352104187012,1.60199213027954,0.714865922927856,0.62450098991394,1.54460906982422,0.621376991271973,1.40722393989563,0.716516971588135,0.572937965393066,0.952782869338989,1.27579402923584,0.702152013778687,0.663980007171631,1.07640099525452,0.721460103988647,1.03466105461121,1.37369990348816,1.01080322265625,0.904689073562622,1.07686686515808,0.88811993598938,0.789509773254395,1.76263093948364,1.17905497550964,0.737512111663818,2.38720798492432,1.00288796424866,0.952993154525757,1.43455100059509,0.625504016876221,1.327712059021,0.830328941345215,1.49777793884277,1.19003009796143,1.16769194602966,0.772570848464966,0.663007020950317,0.7484130859375,0.686005830764771,0.602120876312256,0.640314102172852,0.779118061065674,1.00960087776184,1.76886200904846,0.874758005142212,1.15883016586304,0.836194038391113,1.04955697059631,1.4756121635437,0.767446041107178,0.920948028564453,0.906475067138672,0.74189305305481,0.897466897964478,0.85066294670105,1.06440711021423,0.822412967681885,1.09211993217468,1.12367987632751,1.099613904953,0.61561107635498,1.33819985389709,3.02501797676086,0.728415012359619,0.72563099861145,1.22604608535767,0.559155941009521,1.89365410804749,1.6911289691925,1.11488699913025,1.01069712638855,0.836460113525391,1.94254899024963,1.10797095298767,1.61989378929138,0.795691967010498,0.922378063201904,0.712189912796021,0.69158411026001,0.859206914901733,1.12102913856506,0.647870779037476,0.689950942993164,1.04009318351746,0.91755199432373,1.07225799560547,0.947194814682007,0.69723105430603,0.687655925750732,0.99599814414978,0.967403888702393,1.32128715515137,0.795854806900024,0.952126979827881,0.690194129943848,0.569099903106689,0.475138902664185,1.77141809463501,0.70163106918335,0.690814971923828,0.865061044692993,4.18739485740662,1.32858896255493,1.07609605789185,0.683239936828613,0.883050918579102,0.554830074310303,1.07786703109741,0.966904878616333
1.21137404441833,0.76993989944458,0.691748142242432,0.857017993927002,1.01624393463135,0.984622955322266,0.881153106689453,0.744024991989136,1.23332095146179,1.00170397758484,0.961437940597534,0.984124898910522,1.0057680606842,0.672944068908691,0.74039101600647,0.590227127075195,0.995198965072632,1.064866065979,0.923755168914795,0.864230155944824,1.10562801361084,0.53621506690979,0.784090042114258,1.81326413154602,0.506685018539429,0.661444902420044,0.680500030517578,0.823145866394043,0.896732091903687,3.10423612594604,0.875084161758423,0.888931035995483,1.26702213287354,1.16844606399536,1.71562695503235,1.24094009399414,0.791810035705566,0.783509016036987,0.890335083007812,0.94414210319519,1.16233205795288,2.11142802238464,0.786664009094238,1.93832182884216,0.883801937103271,0.164947986602783,0.884232997894287,0.673094987869263,0.733126163482666,0.643038034439087,0.745708227157593,1.13272500038147,0.652374029159546,0.785768985748291,2.98599600791931,0.786281108856201,1.12031316757202,1.04397583007812,0.830247163772583,0.676546096801758,1.12190008163452,1.72448205947876,0.789604902267456,0.90678596496582,0.973959922790527,0.956422090530396,0.722359180450439,0.702126979827881,1.3413348197937,1.29092907905579,0.777919054031372,1.63576316833496,1.03995108604431,0.974567890167236,1.76319789886475,3.19690704345703,1.12832498550415,0.785490989685059,1.09959197044373,0.770485877990723,1.26644992828369,1.82471299171448,0.858134984970093,0.885469913482666,1.03298401832581,0.750178098678589,1.30618119239807,1.05836796760559,0.900546073913574,0.919811010360718,0.852332830429077,0.86384391784668,1.42807912826538,1.28298091888428,0.762209892272949,0.789721965789795,1.0463080406189,0.801164150238037,1.08120012283325,0.982719898223877,0.681236982345581,1.0536208152771,0.658011913299561,1.11464500427246,0.682592868804932,0.65192699432373,1.56680989265442,0.737991809844971,0.607975959777832,0.468267917633057,1.27403998374939,0.589717149734497,0.736180067062378,0.764611959457397,6.45824599266052,2.49186491966248,1.11887717247009,1.35807418823242,0.820432901382446,0.559407949447632,0.61556601524353,0.866302013397217
2.06679677963257,0.790173053741455,0.859287023544312,0.696380853652954,1.20203900337219,0.820422887802124,0.737568855285645,0.914073944091797,0.697700023651123,1.07329702377319,0.789921998977661,0.793292999267578,0.819555997848511,0.617986917495728,0.874537944793701,0.757765054702759,0.973192930221558,0.718973875045776,0.813274145126343,0.792962074279785,1.07000303268433,0.520870208740234,1.34267091751099,1.05917716026306,0.813946962356567,0.758157968521118,1.21439218521118,0.915158033370972,0.826542854309082,1.38563394546509,1.24584984779358,1.22386598587036,0.744175910949707,0.864184141159058,0.866725206375122,0.963121891021729,0.805694103240967,0.823771953582764,0.974063158035278,0.627265214920044,0.823163032531738,0.601091861724854,0.939751863479614,1.69681692123413,0.820600032806396,1.68940901756287,0.91423487663269,0.716274976730347,0.973835945129395,0.692860841751099,0.834015130996704,1.27202892303467,0.772657155990601,0.675601005554199,0.861331939697266,0.866743087768555,1.14612793922424,1.47120809555054,0.784071922302246,1.02474999427795,1.05327796936035,1.5281720161438,0.923937082290649,1.05876588821411,1.1707649230957,1.46663999557495,1.00025916099548,1.00342416763306,0.978665113449097,1.75839400291443,0.781731843948364,1.20380997657776,0.799615144729614,0.683542013168335,1.76335501670837,1.28274512290955,2.10565900802612,1.04125595092773,1.09104490280151,0.825955152511597,0.919050931930542,4.41327404975891,0.990761041641235,0.955469846725464,0.946906089782715,1.11072683334351,2.03263115882874,1.00571203231812,0.94853687286377,0.866858005523682,1.01741099357605,0.842494010925293,1.35204195976257,2.56429481506348,0.671508073806763,0.648329973220825,1.19853091239929,0.821462154388428,1.39487814903259,1.16754698753357,0.674807071685791,1.14950585365295,0.993736028671265,0.91176700592041,0.741637945175171,0.631990909576416,1.08791899681091,0.915282011032104,0.556978940963745,0.580524921417236,1.42061305046082,0.856777191162109,0.595071077346802,0.729860067367554,2.95389795303345,2.24952602386475,1.19148898124695,1.31833815574646,1.03960084915161,0.644771099090576,0.991834878921509,0.799182891845703
1.04632306098938,0.713885068893433,0.732929944992065,0.735857963562012,1.02939701080322,1.2782621383667,0.784281015396118,0.811941862106323,0.821830987930298,1.23165106773376,0.815929889678955,0.91968297958374,0.908658981323242,0.616457939147949,1.80714917182922,0.935784101486206,0.633534908294678,0.908283948898315,0.908256053924561,1.28322315216064,0.869672060012817,0.739341974258423,0.962405204772949,0.923609972000122,0.682794094085693,0.841014862060547,0.885518074035645,0.815369844436646,0.977711915969849,1.13424897193909,0.776632070541382,0.620816946029663,1.18898010253906,0.89104700088501,0.976117849349976,0.670971155166626,1.14845705032349,0.791592836380005,1.01909494400024,0.684556007385254,1.07776713371277,0.964676856994629,0.770421028137207,0.889391899108887,0.737029075622559,1.29153800010681,0.906929016113281,0.929189920425415,0.712996959686279,0.645157814025879,0.868665933609009,0.907644033432007,0.996125936508179,0.629726886749268,0.949769973754883,1.00201606750488,0.820604085922241,0.732770919799805,1.02045583724976,1.00095510482788,0.943712949752808,1.39551305770874,0.982252836227417,0.781129837036133,1.38956093788147,1.28875398635864,0.901243925094604,0.968216896057129,1.09167981147766,1.20588302612305,0.838932037353516,4.5759859085083,1.32743906974792,0.724236011505127,1.6700291633606,1.61461806297302,1.58339619636536,1.33546900749207,0.825724124908447,0.838690996170044,1.08970713615417,1.11890912055969,0.0700309276580811,0.850669860839844,1.82490205764771,0.853029012680054,1.79854393005371,0.933770895004272,0.772461891174316,0.811300039291382,1.03264188766479,0.849965810775757,1.3345890045166,3.08836102485657,0.672213077545166,0.673130035400391,0.869939088821411,0.954015970230103,1.00523400306702,0.890911102294922,1.11968207359314,0.829225063323975,0.918015956878662,1.69667816162109,0.734753847122192,0.578151941299438,2.5424919128418,0.767774105072021,0.504528045654297,0.642371892929077,1.24751400947571,0.756755828857422,0.589915037155151,0.836235046386719,3.97600388526917,1.04712796211243,1.68892192840576,0.988065958023071,0.652613878250122,0.698596954345703,0.994785070419312,1.05782604217529
0.902022123336792,0.772768020629883,0.617470026016235,0.719946146011353,0.702300071716309,0.717323064804077,1.19522380828857,1.15898299217224,1.48062801361084,1.01139092445374,0.719806909561157,0.99222207069397,1.90477895736694,1.10812997817993,0.936255931854248,0.667171001434326,0.828984975814819,0.950867891311646,0.81946587562561,0.995081901550293,0.693169116973877,0.787122011184692,1.26075291633606,0.703948974609375,0.918200016021729,0.812149047851562,0.886784076690674,1.21423292160034,0.877465963363647,0.835208892822266,1.2294590473175,0.835987091064453,1.05988883972168,0.564567089080811,0.744385004043579,0.851807117462158,0.81880784034729,0.728866815567017,0.706772089004517,0.679095983505249,1.06326484680176,1.40810894966125,1.64318203926086,1.24189615249634,0.852149963378906,1.7316529750824,1.00799989700317,0.807782173156738,0.829303979873657,0.218939065933228,0.755409955978394,1.23599195480347,0.729707956314087,0.606302976608276,0.908585071563721,0.946233034133911,0.854727983474731,0.602527856826782,0.942505121231079,0.708209991455078,0.957316875457764,1.50553798675537,0.969506025314331,0.797446012496948,0.933627843856812,0.724701166152954,1.08743190765381,0.775306940078735,1.93257188796997,0.9494948387146,1.6700701713562,7.3852219581604,0.704722881317139,0.697038888931274,1.55087614059448,1.49063491821289,0.679989099502563,1.20757293701172,0.830041885375977,1.11139607429504,1.06296300888062,2.78856492042542,1.02601408958435,1.14049792289734,1.46945190429688,2.0303270816803,1.67712306976318,0.772953987121582,0.843736886978149,0.820931196212769,0.870233058929443,1.17082786560059,1.63386487960815,1.35985589027405,0.717427968978882,1.01543188095093,1.22428512573242,0.934990882873535,1.06103587150574,1.8375608921051,0.805710792541504,0.800240993499756,0.790883779525757,1.10870790481567,1.12531709671021,0.616284847259521,1.11703014373779,0.781241178512573,0.74866509437561,0.638188123703003,1.30443000793457,0.766104936599731,0.683371067047119,0.762897968292236,3.07253289222717,1.11826014518738,1.50175905227661,0.810281991958618,0.864646196365356,0.920319080352783,0.76492714881897,1.32153415679932
0.821147918701172,0.73853588104248,0.543483972549438,0.623128175735474,1.39841198921204,0.805905103683472,0.771543025970459,0.959134817123413,0.792531967163086,1.25297594070435,0.924117088317871,0.980697870254517,0.792252063751221,1.03846502304077,1.28878593444824,0.674405813217163,0.792371988296509,0.82325005531311,0.676248073577881,0.695970058441162,0.794867992401123,0.818433046340942,0.590641975402832,0.625905990600586,0.8385009765625,0.69022011756897,1.14165496826172,1.0776150226593,1.23053193092346,0.859946012496948,0.881386995315552,0.69055700302124,0.769562005996704,0.815199136734009,0.57402515411377,0.82172703742981,0.650672197341919,0.637785911560059,1.48284697532654,0.681806087493896,1.12834501266479,1.34529709815979,0.738978147506714,0.888583898544312,0.682259082794189,0.981318950653076,0.854501962661743,0.729111909866333,0.711066961288452,0.938394069671631,0.868678092956543,1.59419798851013,0.57154393196106,0.648370027542114,0.769812822341919,0.746534824371338,0.708568811416626,0.704467058181763,1.70227909088135,0.909849166870117,1.68660807609558,1.46712207794189,1.33182501792908,0.828933000564575,1.05756902694702,0.93451714515686,0.808470010757446,0.960834980010986,1.1333601474762,1.32767105102539,1.38287019729614,1.55650091171265,0.880664825439453,1.02303218841553,1.94883704185486,0.92921781539917,1.59244680404663,0.853990077972412,0.855062961578369,0.666563987731934,2.58418011665344,1.48905801773071,1.1150848865509,1.02957487106323,1.31588196754456,2.51617288589478,2.14102697372437,1.3961489200592,0.098534107208252,0.761296033859253,1.07942080497742,0.959250926971436,2.12945699691772,1.20578193664551,0.723654985427856,0.834226131439209,0.962193012237549,1.17104816436768,1.09388089179993,0.948132991790771,0.755577087402344,0.667162895202637,1.0096001625061,1.37037110328674,0.867225885391235,0.651882886886597,1.22882914543152,1.01931214332581,0.66574501991272,0.736896991729736,1.23355603218079,0.602694988250732,0.844807147979736,0.664044857025146,2.49375915527344,1.20271801948547,1.37542104721069,1.15659403800964,0.995285987854004,0.781404972076416,0.74548602104187,1.03618192672729
1.07596397399902,1.14547395706177,0.744278907775879,0.900375843048096,1.10128784179688,1.10897898674011,0.945719003677368,0.784366130828857,1.15416312217712,0.865367889404297,0.831643104553223,0.981780052185059,0.920132875442505,0.847340822219849,0.903330087661743,0.674099922180176,0.765882968902588,0.916786909103394,0.655048847198486,0.979549884796143,0.79419994354248,0.582836151123047,0.713449001312256,0.64487099647522,0.713438987731934,0.740665912628174,1.31340003013611,0.871875047683716,1.15839099884033,1.06151413917542,0.751788854598999,1.09205293655396,1.06666088104248,0.66825795173645,1.23052501678467,0.581557035446167,1.09062385559082,0.701941967010498,1.12492489814758,1.06789994239807,0.76173210144043,1.25104093551636,0.839436054229736,1.12068200111389,1.19477295875549,1.19724583625793,1.20393109321594,0.757761001586914,1.61503314971924,0.927265882492065,1.66220688819885,1.03621506690979,0.849941968917847,0.803590059280396,0.991438150405884,1.00463604927063,1.02654600143433,0.676452875137329,0.845483064651489,1.92019701004028,1.15375089645386,1.43651604652405,1.00674510002136,1.08716583251953,1.20036721229553,0.854963064193726,1.15393495559692,0.907185077667236,1.17377614974976,0.929439067840576,0.829305171966553,1.91912698745728,0.758981943130493,0.579470157623291,1.50205898284912,1.13971090316772,1.03938484191895,1.44771409034729,0.765543937683105,0.78431510925293,1.23640489578247,1.9464910030365,0.96740198135376,0.767793893814087,0.911876916885376,1.05677580833435,1.25311684608459,0.919793128967285,0.795221090316772,0.727929830551147,0.956727981567383,0.931056976318359,0.768484830856323,4.53079104423523,0.674729824066162,0.582603931427002,1.67865395545959,0.857358932495117,1.310546875,1.87890601158142,0.9167640209198,0.512537956237793,1.31422996520996,1.46588802337646,0.794351100921631,1.04490780830383,1.28928208351135,1.66571998596191,0.547859191894531,0.554347038269043,1.21335315704346,0.658023118972778,0.554543972015381,0.736644983291626,1.63837099075317,1.54054808616638,2.41988587379456,0.606712102890015,1.30610013008118,0.931085109710693,1.09474802017212,1.21950316429138
1.21485280990601,0.638161897659302,0.688575983047485,0.751013040542603,1.4533839225769,0.823899030685425,1.25164794921875,0.815325975418091,1.00362110137939,0.760910034179688,0.876796960830688,0.847269058227539,1.36061906814575,0.789278030395508,0.768743991851807,0.64571213722229,0.800806999206543,1.06368803977966,0.730577945709229,0.450194120407104,0.825901985168457,0.54004693031311,0.991599082946777,0.944523096084595,0.939677000045776,0.672775983810425,0.987666845321655,0.63800311088562,1.05399894714355,1.16572999954224,0.979444980621338,1.50023102760315,2.0090479850769,0.857573986053467,0.754579067230225,0.616352081298828,1.11518502235413,0.642549991607666,0.851227998733521,0.866048097610474,1.27935409545898,1.4938690662384,0.966676950454712,1.07358193397522,1.06638693809509,0.919264793395996,0.922968149185181,0.694117069244385,0.953214883804321,0.613359928131104,1.15652012825012,1.26993989944458,0.625458955764771,0.594687938690186,2.07418394088745,0.793169975280762,1.38087797164917,0.692089080810547,1.14356517791748,0.730968952178955,0.739702939987183,0.986479997634888,0.981528997421265,0.995282888412476,0.894798994064331,0.978554010391235,0.954432964324951,1.12384605407715,1.00725388526917,1.30906987190247,1.14010000228882,1.59982395172119,0.894931077957153,0.850138187408447,1.58509588241577,2.68822288513184,1.27125310897827,1.00917601585388,1.15383815765381,0.616070032119751,0.947451114654541,3.01794505119324,1.16901111602783,0.923995971679688,2.65668797492981,0.874779939651489,0.851851940155029,0.804904937744141,0.825630903244019,0.806926965713501,0.914076805114746,0.898661136627197,0.929939985275269,3.75631189346313,1.09158182144165,1.08550906181335,0.9149329662323,0.973396062850952,0.907367944717407,0.819324016571045,0.7358238697052,0.771878957748413,0.996318817138672,1.04125690460205,0.740519046783447,1.01313304901123,0.88693904876709,0.780290126800537,0.476870059967041,0.632285118103027,1.21014189720154,0.477169036865234,0.612070083618164,0.830039978027344,1.70092487335205,1.44324207305908,2.49274301528931,0.746288061141968,0.816772937774658,0.648612976074219,0.890453815460205,1.08431601524353
0.808717966079712,0.663363218307495,0.766901016235352,0.823786973953247,1.55452609062195,0.770892858505249,0.782759189605713,0.820521116256714,0.777132034301758,1.03008699417114,0.7603440284729,0.981446027755737,0.878864049911499,0.729501962661743,0.71007513999939,0.639847993850708,0.600734949111938,0.960913896560669,0.872990846633911,0.573291063308716,0.650035858154297,1.35394287109375,0.717988014221191,0.885360956192017,0.581439018249512,0.765635967254639,1.5838360786438,0.988245010375977,1.11986088752747,1.02200198173523,0.873195886611938,1.94635200500488,1.69812703132629,0.946221113204956,0.823086977005005,2.00735402107239,0.706088066101074,0.874755859375,0.666098833084106,0.663193941116333,0.901206016540527,0.743540048599243,0.770004034042358,0.652813911437988,1.22881293296814,1.31462407112122,1.25320792198181,0.816572904586792,0.791000127792358,0.739269018173218,0.948339223861694,1.43617105484009,0.675021886825562,0.561714172363281,0.922600984573364,0.783184051513672,0.889666080474854,0.870391845703125,0.843210935592651,1.02581286430359,0.943881034851074,0.718794107437134,1.06279301643372,1.15861010551453,0.752062082290649,1.46368908882141,1.24993300437927,0.620986938476562,1.75673913955688,1.11617398262024,0.772248983383179,1.03528904914856,0.809203863143921,0.749804973602295,1.44841814041138,1.04847693443298,0.905426979064941,0.912353038787842,1.35127806663513,0.654680967330933,1.51674604415894,1.00142598152161,1.05599594116211,0.894386053085327,0.772623062133789,0.980555057525635,0.933259010314941,0.989192962646484,0.876858949661255,0.745306968688965,0.993133068084717,0.909092903137207,1.22333693504333,2.86141395568848,0.619962930679321,0.588288068771362,1.0202751159668,1.09286403656006,0.931602001190186,1.21325302124023,0.770282983779907,0.631308078765869,1.70672392845154,1.27859687805176,0.762189865112305,0.645503997802734,1.34788107872009,0.738858938217163,0.663589000701904,0.551003932952881,2.03817892074585,0.638985872268677,1.22372817993164,0.519756078720093,1.42783308029175,1.70523118972778,1.5355269908905,0.578467845916748,0.71494197845459,0.576575994491577,0.839591979980469,1.01050209999084
0.743507862091064,0.705652952194214,0.662341117858887,0.663450956344604,1.27826809883118,1.0083110332489,0.840297937393188,0.699665069580078,0.841581106185913,0.601085186004639,0.876640796661377,0.691161870956421,1.00359892845154,0.810075044631958,0.863913059234619,0.813748836517334,0.617672204971313,0.803745985031128,0.793503046035767,0.657418966293335,0.676398038864136,0.633270025253296,0.985722064971924,1.41747403144836,0.631630897521973,0.632869958877563,0.921315908432007,1.01141691207886,0.863525867462158,0.837444067001343,0.794642925262451,1.24447894096375,1.09381604194641,0.826134920120239,0.819504022598267,0.706337928771973,0.797934055328369,0.841356039047241,0.715108156204224,0.641484022140503,0.868863105773926,1.71808695793152,0.775223970413208,0.580222845077515,0.83610987663269,1.42091608047485,0.953253984451294,0.899963140487671,0.739485025405884,0.76404595375061,1.04906702041626,1.21466708183289,0.693634986877441,0.700216054916382,0.91918683052063,1.01622891426086,1.86715197563171,0.819833993911743,0.631854057312012,1.11234188079834,0.866831064224243,0.828330039978027,1.20243000984192,1.01960110664368,0.805237054824829,1.57248711585999,1.4834418296814,0.881163120269775,1.86752390861511,0.903487920761108,1.67329406738281,0.71558690071106,0.718938827514648,0.67425799369812,1.96747088432312,1.11697793006897,1.10950112342834,0.934692144393921,0.838222980499268,0.606940984725952,0.963141918182373,1.05473494529724,0.975147008895874,0.887360095977783,0.931533098220825,1.0228750705719,1.33602690696716,0.70488715171814,1.28157711029053,1.3289270401001,1.13375401496887,0.734503984451294,1.40125608444214,1.98382186889648,0.809477090835571,0.627898931503296,1.09610986709595,0.929972887039185,0.970744132995605,0.857708930969238,0.697360038757324,0.642764091491699,1.55543494224548,0.892480134963989,0.711014032363892,0.775645017623901,1.27414989471436,0.894270896911621,0.81101393699646,0.556409120559692,1.66224694252014,0.641422986984253,0.607676982879639,0.547927141189575,1.32201790809631,2.587651014328,1.74046993255615,1.34922885894775,1.41350102424622,0.591129064559937,0.791131019592285,1.12820291519165
0.709656953811646,0.734416007995605,0.792439937591553,0.790905952453613,0.933220863342285,0.671289920806885,0.771049022674561,0.919075965881348,0.854403018951416,0.826527118682861,0.885936975479126,0.9513258934021,1.02498602867126,0.912300825119019,1.20685505867004,0.994681119918823,0.838395118713379,1.21257209777832,0.95225977897644,1.02058982849121,0.716454029083252,0.850198984146118,1.00155687332153,1.00914001464844,0.756591081619263,0.675638914108276,0.847808122634888,0.686987161636353,0.780312061309814,1.90973997116089,0.808129072189331,1.13511991500854,1.11058187484741,0.696755170822144,1.26733088493347,0.76498818397522,0.731369018554688,0.803695917129517,0.679985046386719,0.924757957458496,0.897056102752686,0.994181156158447,1.09922313690186,1.52870392799377,1.21901798248291,1.50029897689819,0.814876079559326,1.31974005699158,0.925414085388184,0.784122943878174,1.14543890953064,0.920775890350342,0.683586835861206,0.784911155700684,1.0859968662262,1.29913687705994,1.18089699745178,0.892532825469971,0.680291891098022,0.91430401802063,1.1393940448761,1.07614493370056,1.05856013298035,1.13525795936584,1.05825996398926,1.72351884841919,1.46934604644775,0.562566041946411,1.40961694717407,1.05000901222229,0.891145944595337,1.36554503440857,0.789744138717651,0.958957195281982,1.32631683349609,1.48736810684204,1.11667394638062,1.43047595024109,0.887850046157837,0.580193042755127,1.27482008934021,1.95266199111938,1.19522094726562,0.836544990539551,0.77629017829895,4.2177848815918,2.25316286087036,1.3441789150238,0.628175020217896,0.897228002548218,0.90762996673584,1.35892796516418,1.79444909095764,1.73432087898254,0.721184015274048,0.584041118621826,0.604884147644043,0.970263004302979,0.938759803771973,1.16313910484314,0.646063089370728,0.664539813995361,0.934521913528442,0.828959941864014,0.823434829711914,0.962605953216553,1.64444708824158,0.913672924041748,0.795034170150757,0.615545988082886,0.777889966964722,0.547708988189697,0.608461141586304,0.561550855636597,2.57652187347412,1.37200784683228,1.47668099403381,0.550808906555176,0.801486015319824,1.06363081932068,0.904820919036865,1.13794708251953
0.841769933700562,0.690449953079224,0.869234085083008,0.812860012054443,0.916486978530884,0.934519052505493,0.71267294883728,0.641258955001831,0.709919214248657,0.626503944396973,0.899417161941528,1.03502511978149,0.844874858856201,0.575362920761108,0.604883909225464,0.733402013778687,0.597242116928101,0.924763917922974,1.0149838924408,0.655473947525024,0.602304935455322,0.630449056625366,0.790992975234985,0.777431964874268,0.703090906143188,0.740917205810547,0.782962083816528,1.25804305076599,2.14094305038452,1.50858783721924,0.72638201713562,0.742546081542969,1.07608079910278,1.22022604942322,1.10970616340637,1.13993811607361,0.702574968338013,0.693705797195435,1.09197998046875,1.24284482002258,0.654069185256958,2.53268790245056,0.868921041488647,0.775392055511475,1.3495090007782,1.72862386703491,1.91355919837952,0.80976414680481,1.02156710624695,0.727334976196289,1.08343410491943,1.04660987854004,1.53186416625977,0.661799907684326,0.949812889099121,0.895253896713257,0.980171918869019,0.776782035827637,0.90279483795166,1.11524605751038,1.45529580116272,0.776288986206055,0.856848955154419,0.896813869476318,1.09663009643555,1.69754981994629,0.952961921691895,0.944722175598145,3.11704683303833,2.75381684303284,2.5511429309845,1.13652801513672,0.90233588218689,0.940132856369019,1.66407179832458,1.80419111251831,1.05541110038757,0.918619871139526,0.985023975372314,0.688822984695435,0.625317096710205,3.04010891914368,1.16935300827026,1.40088081359863,0.93626594543457,1.04882001876831,1.69285798072815,1.38279390335083,0.787266969680786,1.21570992469788,1.23508787155151,0.966410160064697,0.907738208770752,2.89421486854553,0.618808031082153,0.803611040115356,1.01719784736633,1.26611399650574,1.23761820793152,1.80473899841309,0.695693969726562,0.532061100006104,0.843080997467041,0.890733003616333,0.747671842575073,1.17341279983521,1.29113793373108,1.08438181877136,1.28745484352112,1.04315900802612,2.02853798866272,0.953664064407349,0.627064228057861,0.642372846603394,4.39469218254089,1.79500198364258,1.48753786087036,0.811131954193115,0.829620122909546,1.06698513031006,0.844866037368774,1.26017189025879
0.822943925857544,0.593413114547729,0.856791019439697,0.850780010223389,0.725365877151489,0.891652822494507,1.13119888305664,1.14502191543579,1.47992396354675,0.605070114135742,0.904153108596802,0.929122924804688,1.58107495307922,0.873847007751465,0.978408813476562,0.754045009613037,0.837808132171631,0.67353081703186,0.589152097702026,0.721786022186279,0.801732063293457,0.643937826156616,1.05411505699158,0.87664794921875,0.92585301399231,0.7500901222229,1.12075400352478,0.725446224212646,0.896823883056641,3.05719995498657,0.963352918624878,0.781682014465332,0.988324165344238,0.789138078689575,0.875710010528564,0.921925067901611,0.948065042495728,0.902600049972534,1.49808216094971,1.05995392799377,0.696998119354248,1.8967649936676,0.871377944946289,0.949537992477417,1.12017107009888,2.02196311950684,0.863468885421753,0.757903099060059,0.937435865402222,0.773138999938965,1.36120295524597,1.11214685440063,0.753540992736816,0.925524950027466,0.724289178848267,0.90789794921875,1.03229808807373,1.05419397354126,0.824797868728638,1.54169416427612,3.29180407524109,1.84357285499573,0.932819843292236,0.720870018005371,1.05417609214783,1.28641510009766,0.812889099121094,0.81803297996521,1.98130798339844,1.19288992881775,2.68719100952148,0.759319067001343,0.835482120513916,0.925444841384888,1.55120205879211,3.25327801704407,0.656455993652344,1.13499712944031,0.885313987731934,0.861724138259888,2.38515090942383,1.92960691452026,0.990679979324341,0.74373197555542,0.918915033340454,1.24109888076782,3.62446308135986,0.765558958053589,0.776150941848755,0.822613954544067,0.884209871292114,0.885324001312256,1.26810002326965,0.813693046569824,0.923550128936768,0.700152158737183,0.81615686416626,0.975527048110962,0.85106086730957,0.729969024658203,0.626626014709473,0.946371078491211,0.954881906509399,1.22345399856567,0.805207967758179,0.931521892547607,2.32190608978271,1.17511606216431,0.749022960662842,0.785895109176636,1.05405616760254,0.555633783340454,0.642920970916748,0.559496879577637,1.30785393714905,1.53595304489136,1.8377571105957,1.24787592887878,0.823976039886475,1.05511808395386,0.734079122543335,1.08639478683472
0.938010215759277,0.540511131286621,0.941154956817627,0.962831020355225,0.989422082901001,0.756450176239014,0.709060907363892,1.26173400878906,1.07603096961975,0.90885591506958,0.745621919631958,1.10927581787109,1.32611203193665,0.868301153182983,0.796769857406616,0.738830089569092,0.747376918792725,0.945305109024048,0.863312005996704,0.771906852722168,0.602628946304321,0.605687141418457,1.44477605819702,1.09710097312927,0.785031080245972,0.875833988189697,1.15253090858459,0.920164108276367,0.788897037506104,0.994385957717896,0.898432970046997,0.742279052734375,0.989160060882568,0.759826898574829,0.821334838867188,1.07486581802368,0.867732048034668,0.926782846450806,0.729611873626709,0.74111008644104,0.931867837905884,1.57955694198608,0.785804986953735,4.64711904525757,0.938153028488159,1.66351914405823,1.07681393623352,1.02020788192749,0.688647985458374,1.05246686935425,0.787321090698242,0.864537000656128,0.969416856765747,0.653249979019165,1.3040189743042,1.07412195205688,0.768501043319702,1.22462296485901,1.06332087516785,1.45380806922913,1.37205505371094,0.885057926177979,1.00945281982422,1.36135387420654,1.03440880775452,1.36627197265625,0.759459972381592,1.05522084236145,1.23142695426941,1.75469398498535,1.15954995155334,1.90582895278931,0.975013017654419,0.766547918319702,1.51310610771179,2.14930891990662,0.768762111663818,1.41686797142029,0.785787105560303,1.00926804542542,1.9827139377594,3.0537211894989,1.02874183654785,0.700027942657471,3.74618601799011,0.867706060409546,1.34401702880859,1.49742484092712,0.884896993637085,0.63878607749939,1.36912608146667,0.849096059799194,1.91081309318542,5.06620383262634,0.780396938323975,0.981468915939331,1.00057792663574,1.11115598678589,0.748749017715454,0.919624805450439,0.70903205871582,1.17631888389587,1.4676079750061,1.19649887084961,0.822803974151611,0.697717905044556,1.16877889633179,1.02956199645996,0.745319843292236,1.48698902130127,0.686779975891113,0.688553094863892,0.841113090515137,0.592941045761108,1.58984303474426,1.05385899543762,1.49064207077026,0.676660060882568,0.774019002914429,1.07811498641968,1.3083348274231,1.2531099319458
0.726124048233032,0.668193101882935,0.646548986434937,0.652549982070923,1.26440715789795,0.782968044281006,0.607056856155396,0.580956935882568,0.669564962387085,1.31800198554993,0.84631085395813,0.862097024917603,1.27277898788452,0.917055130004883,0.904208898544312,0.979970932006836,0.662834882736206,0.959793090820312,0.778092861175537,0.688781976699829,0.689234972000122,0.508143901824951,0.918951988220215,0.824185848236084,0.672832012176514,0.763175964355469,1.00781202316284,0.954156160354614,0.834683895111084,1.04435396194458,0.773575782775879,0.706623077392578,0.828037023544312,1.02881598472595,1.0473837852478,0.681585073471069,0.975124835968018,1.02629089355469,0.778156042098999,1.01078915596008,0.856305122375488,1.78305506706238,0.872600078582764,0.787883043289185,0.993068933486938,1.44898509979248,0.827903985977173,1.11010313034058,0.782638072967529,0.842950105667114,0.747117042541504,0.590190172195435,0.671750068664551,0.777116060256958,0.71105694770813,1.02489519119263,0.757542133331299,0.820458173751831,0.756757974624634,1.22511386871338,1.12258005142212,1.2836651802063,0.889642953872681,0.941823959350586,0.962283134460449,1.57854199409485,1.07513689994812,0.93895697593689,1.26577615737915,1.57525897026062,1.46350288391113,1.07797479629517,0.739805936813354,0.864477872848511,2.04327201843262,1.47397184371948,1.18040919303894,0.924880027770996,0.809384107589722,0.601526021957397,2.34235215187073,1.0801990032196,0.989879131317139,0.967883110046387,2.12520694732666,3.22679781913757,2.45672082901001,1.01999092102051,0.824299812316895,0.715951919555664,1.01575899124146,1.1707649230957,0.715437173843384,1.19155883789062,0.860641002655029,1.05026912689209,0.855451107025146,1.59328103065491,0.774333953857422,0.00748610496520996,0.882041931152344,0.954626083374023,1.03118300437927,1.30914998054504,1.11083793640137,1.21792101860046,1.01764893531799,0.860658884048462,0.79177188873291,0.898308038711548,0.948295831680298,0.707757949829102,0.668432950973511,0.607095956802368,1.21257305145264,0.738373041152954,0.888651847839355,1.15930604934692,1.21647500991821,0.992926836013794,0.753290176391602,0.959784030914307
1.06229305267334,0.618316173553467,0.852653026580811,0.699851036071777,1.01762390136719,0.822925090789795,0.764171838760376,0.740946054458618,1.07028007507324,0.766506195068359,0.624370098114014,0.837206840515137,1.00070977210999,1.02481198310852,1.00340414047241,0.775915145874023,0.764046907424927,1.16188788414001,0.646857976913452,0.669520854949951,0.696918964385986,0.569391965866089,1.25823092460632,1.40132784843445,0.665585041046143,0.834165096282959,1.39175200462341,0.775792837142944,1.02398991584778,1.35952496528625,1.47501921653748,0.640146970748901,1.18892598152161,0.83599591255188,0.602236986160278,0.832042932510376,0.999033212661743,0.836963891983032,0.857403039932251,0.91784405708313,0.834907054901123,0.834372043609619,1.10016489028931,0.888548135757446,0.760848999023438,1.79746007919312,0.892277002334595,0.77338695526123,0.844784021377563,0.742025136947632,0.697694063186646,0.917881011962891,0.69920802116394,0.937067031860352,1.00116300582886,1.5275559425354,0.781399965286255,0.870242118835449,0.847092866897583,1.65900802612305,1.37725782394409,1.14326906204224,1.2994589805603,1.03739285469055,0.938332080841064,1.01387286186218,0.655004978179932,0.768142938613892,1.39105606079102,2.95468997955322,1.52518582344055,1.71222805976868,0.750092029571533,1.01920914649963,1.53896808624268,1.19534206390381,1.08257985115051,1.52757787704468,0.967445850372314,0.647563934326172,1.26300811767578,1.16664409637451,1.03167414665222,1.06069302558899,1.09316992759705,0.862641096115112,0.985863924026489,0.823796987533569,0.883786201477051,0.757185935974121,0.970017194747925,1.08622694015503,0.769122838973999,1.6931369304657,0.599396944046021,0.868206977844238,1.83905100822449,1.18838286399841,0.622124910354614,0.778706789016724,0.956468105316162,0.803534984588623,1.24651098251343,0.795226097106934,0.820687055587769,0.719260931015015,1.07935094833374,0.782958984375,0.688712120056152,0.671799182891846,0.934677839279175,0.859524011611938,0.797513961791992,0.76784086227417,0.801275014877319,1.20661997795105,1.2129590511322,0.69258189201355,0.854456901550293,0.755661964416504,1.01327705383301,0.967252969741821
0.599096059799194,0.737092018127441,0.882800102233887,1.17842483520508,0.0865631103515625,0.754516839981079,1.29241800308228,0.823251008987427,0.815116882324219,1.09411215782166,1.02866697311401,0.778990030288696,0.643715858459473,1.11993217468262,0.877149105072021,0.641673803329468,0.681172132492065,0.872745990753174,0.744024038314819,0.756792068481445,0.619188070297241,0.535214185714722,0.903707027435303,1.30720496177673,0.612964153289795,0.723956108093262,0.855619192123413,0.89588189125061,0.74297308921814,1.01794600486755,0.930822134017944,1.01262402534485,2.25924706459045,0.840577840805054,0.742660999298096,0.852365970611572,0.91674017906189,0.784609079360962,0.831222057342529,0.907213926315308,0.989621877670288,1.1554741859436,0.720316886901855,0.889808893203735,1.11026692390442,1.81435489654541,1.57145500183105,0.732499837875366,1.24394392967224,0.982500076293945,1.02895784378052,0.983577013015747,0.580905199050903,0.780184030532837,1.03968095779419,1.60881686210632,0.991398096084595,1.08840990066528,1.56946015357971,0.977741003036499,1.10980606079102,0.999706983566284,0.886224031448364,1.05969715118408,1.13282799720764,0.891102075576782,0.629254817962646,0.684844970703125,1.05185580253601,1.2017970085144,0.931272983551025,0.881381988525391,0.679220914840698,0.724457979202271,2.95113897323608,0.947949171066284,0.986055135726929,0.985669136047363,0.850874900817871,0.626227855682373,2.19778800010681,1.02811980247498,1.23003101348877,0.921856880187988,1.95184397697449,1.50148105621338,1.02409505844116,1.15809106826782,0.87275505065918,1.21885180473328,0.917171001434326,0.963456153869629,0.900394916534424,1.26805996894836,0.678023099899292,0.847729921340942,0.992344856262207,1.44665098190308,1.58679389953613,0.856778860092163,0.956687927246094,0.75180721282959,1.32208108901978,0.973546981811523,0.697213888168335,0.889851093292236,1.19374394416809,0.717604160308838,0.588674783706665,0.550302028656006,7.63347101211548,0.871627807617188,0.579920053482056,0.846000909805298,0.865074872970581,1.56212496757507,1.28203797340393,0.836330890655518,1.43515205383301,0.899075031280518,0.734507083892822,0.918390989303589
